NOMBRE DEL ALIMENTO;PROTEINAS;GRASAS;CARBOHIDRATOS;INGREDIENTES;HORARIO;REGION
Adobo de cerdo con menestra y arroz;9.7;3.4;23.8;CERDO-PANCA-CEBOLLA-MENESTRA-AJO-SAL;ALMUERZO;AMAZONAS-ANCASH-APURIMAC-AREQUIPA-AYACUCHO-CAJAMARCA-CALLAO-CUSCO-HUANCAVELICA-HUANUCO-ICA-JUNIN-LA LIBERTAD-LAMBAYEQUE-LIMA-LORETO-MADRE DE DIOS-MOQUEGUA-PASCO-PIURA-PUNO-SAN MARTIN-TACNA-TUMBES-UCAYALI
Adobo de cerdo con puré y arroz;4.8;5;20.3;CERDO-PANCA-CEBOLLA-ACEITE-PAPA-ARROZ-AJO-SAL;ALMUERZO;AMAZONAS-ANCASH-APURIMAC-AREQUIPA-AYACUCHO-CAJAMARCA-CALLAO-CUSCO-HUANCAVELICA-HUANUCO-ICA-JUNIN-LA LIBERTAD-LAMBAYEQUE-LIMA-LORETO-MADRE DE DIOS-MOQUEGUA-PASCO-PIURA-PUNO-SAN MARTIN-TACNA-TUMBES-UCAYALI
Adobo de cerdo y arroz;6.3;1.9;31.8;CERDO-PANCA-CEBOLLA-ARROZ-AJO-SAL;ALMUERZO;AMAZONAS-ANCASH-APURIMAC-AREQUIPA-AYACUCHO-CAJAMARCA-CALLAO-CUSCO-HUANCAVELICA-HUANUCO-ICA-JUNIN-LA LIBERTAD-LAMBAYEQUE-LIMA-LORETO-MADRE DE DIOS-MOQUEGUA-PASCO-PIURA-PUNO-SAN MARTIN-TACNA-TUMBES-UCAYALI
Adobo de pollo con ensalada y arroz;4.9;2.2;26;POLLO-PANCA-CEBOLLA-ACEITE-ARROZ-ZANAHORIA-LECHUGA-SAL;ALMUERZO;AMAZONAS-ANCASH-APURIMAC-AREQUIPA-AYACUCHO-CAJAMARCA-CALLAO-CUSCO-HUANCAVELICA-HUANUCO-ICA-JUNIN-LA LIBERTAD-LAMBAYEQUE-LIMA-LORETO-MADRE DE DIOS-MOQUEGUA-PASCO-PIURA-PUNO-SAN MARTIN-TACNA-TUMBES-UCAYALI
Adobo de pollo y arroz;6.6;2.1;25.1;POLLO-PANCA-CEBOLLA-ACEITE-ARROZ-SAL;ALMUERZO;AMAZONAS-ANCASH-APURIMAC-AREQUIPA-AYACUCHO-CAJAMARCA-CALLAO-CUSCO-HUANCAVELICA-HUANUCO-ICA-JUNIN-LA LIBERTAD-LAMBAYEQUE-LIMA-LORETO-MADRE DE DIOS-MOQUEGUA-PASCO-PIURA-PUNO-SAN MARTIN-TACNA-TUMBES-UCAYALI
Adobo de res con arroz y puré;5.6;1.8;22.1;RES-PANCA-CEBOLLA-ACEITE-PAPA-ARROZ-SAL;ALMUERZO;AMAZONAS-ANCASH-APURIMAC-AREQUIPA-AYACUCHO-CAJAMARCA-CALLAO-CUSCO-HUANCAVELICA-HUANUCO-ICA-JUNIN-LA LIBERTAD-LAMBAYEQUE-LIMA-LORETO-MADRE DE DIOS-MOQUEGUA-PASCO-PIURA-PUNO-SAN MARTIN-TACNA-TUMBES-UCAYALI
Adobo de res con menestra y arroz;7.7;1.7;27.8;RES-PANCA-CEBOLLA-ACEITE-MENESTRA-ARROZ-SAL;ALMUERZO;AMAZONAS-ANCASH-APURIMAC-AREQUIPA-AYACUCHO-CAJAMARCA-CALLAO-CUSCO-HUANCAVELICA-HUANUCO-ICA-JUNIN-LA LIBERTAD-LAMBAYEQUE-LIMA-LORETO-MADRE DE DIOS-MOQUEGUA-PASCO-PIURA-PUNO-SAN MARTIN-TACNA-TUMBES-UCAYALI
Aeropuerto de pollo;6.5;2.5;39.8;POLLO-ARROZ-HUEVO-FIDEO-FRIJOLITO CHINO-CEBOLLA CHINA-KION-AJONJOLI-SAL;ALMUERZO;AREQUIPA-CAJAMARCA-CALLAO-CUSCO-ICA-LA LIBERTAD-LAMBAYEQUE-LIMA-PIURA
Aeropuerto taypa;7.6;3.4;28.7;POLLO-ARROZ-HUEVO-FIDEO-FRIJOLITO CHINO-CEBOLLA CHINA-KION-AJONJOLI-RABANITO-VINAGRE-SAL;ALMUERZO;AREQUIPA-CAJAMARCA-CALLAO-CUSCO-ICA-LA LIBERTAD-LAMBAYEQUE-LIMA-PIURA
Aguadito de pescado;0.6;0.6;4.3;PESCADO-CEBOLLA-AJO-CULANTRO-TOMATE-PAPA-CHOCLO-ALVERJA-ARROZ-SAL;CENA;ANCASH-APURIMAC-AYACUCHO-CAJAMARCA-CALLAO-CUSCO-HUANCAVELICA-HUANUCO-ICA-JUNIN-LA LIBERTAD-LAMBAYEQUE-LIMA-LORETO-TACNA-TUMBES
Aguadito de pollo;2;0.9;5.8;POLLO-CEBOLLA-AJOS-CULANTRO-TOMATE-PAPA-CHOCLO-ALVERJA-ARROZ-SAL;CENA;AMAZONAS-ANCASH-APURIMAC-AREQUIPA-AYACUCHO-CAJAMARCA-CALLAO-CUSCO-HUANCAVELICA-HUANUCO-ICA-JUNIN-LA LIBERTAD-LAMBAYEQUE-LIMA-LORETO-MADRE DE DIOS-MOQUEGUA-PASCO-PIURA-PUNO-SAN MARTIN-TACNA-TUMBES-UCAYALI
Ají de pollo y arroz;5.4;2.8;22.3;POLLO-CEBOLLA-AJO-PAN-PALILLO-LECHE-HUEVO-ARROZ-SAL;ALMUERZO;AREQUIPA-CAJAMARCA-CALLAO-CUSCO-ICA-LA LIBERTAD-LAMBAYEQUE-LIMA-PIURA
Albóndigas en salsa y arroz;6.3;3.6;18.3;CARNE-TALLARIN-TOMATE-CEBOLLA-LAUREL-PEREJIL-QUESO-ARROZ-SAL;ALMUERZO;AREQUIPA-CAJAMARCA-CALLAO-CUSCO-ICA-LA LIBERTAD-LAMBAYEQUE-LIMA-PIURA
Alita broaster con ensalada de lechuga;8.2;6.7;12.3;POLLO-LECHUGA-LECHE-HUEVO-QUAKER-VINAGRE-SAL;ALMUERZO;AMAZONAS-ANCASH-APURIMAC-AREQUIPA-AYACUCHO-CAJAMARCA-CALLAO-CUSCO-HUANCAVELICA-HUANUCO-ICA-JUNIN-LA LIBERTAD-LAMBAYEQUE-LIMA-LORETO-MADRE DE DIOS-MOQUEGUA-PASCO-PIURA-PUNO-SAN MARTIN-TACNA-TUMBES-UCAYALI
Alita broaster con papas fritas y arroz;5.7;18.7;20.3;POLLO-LECHUGA-LECHE-HUEVO-QUAKER-VINAGRE-PAPA-SAL;ALMUERZO;AMAZONAS-ANCASH-APURIMAC-AREQUIPA-AYACUCHO-CAJAMARCA-CALLAO-CUSCO-HUANCAVELICA-HUANUCO-ICA-JUNIN-LA LIBERTAD-LAMBAYEQUE-LIMA-LORETO-MADRE DE DIOS-MOQUEGUA-PASCO-PIURA-PUNO-SAN MARTIN-TACNA-TUMBES-UCAYALI
Ancoquis en salsa roja;5.2;4.4;17.1;POLLO-QUAKER-TOMATE-CEBOLLA-SAL;ALMUERZO;AMAZONAS-ANCASH-APURIMAC-AREQUIPA-AYACUCHO-CAJAMARCA-CALLAO-CUSCO-HUANCAVELICA-HUANUCO-ICA-JUNIN-LA LIBERTAD-LAMBAYEQUE-LIMA-LORETO-MADRE DE DIOS-MOQUEGUA-PASCO-PIURA-PUNO-SAN MARTIN-TACNA-TUMBES-UCAYALI
Anticucho con papa y arroz;9.3;3.2;12.1;RES-PAPA-MANI-VINAGRE-COMINO-CULANTRO-ARROZ-SAL;ALMUERZO;AREQUIPA-CAJAMARCA-CALLAO-CUSCO-ICA-LA LIBERTAD-LAMBAYEQUE-LIMA-PIURA
Arroz a la jardinera con pollo;5.7;2.3;20.5;POLLO-ARROZ-ARVEJA-ZANAHORIA-CHOCLO-CEBOLLA-PALILLO-AJO-AJI AMARILLO-SAL;ALMUERZO;AMAZONAS-ANCASH-APURIMAC-AREQUIPA-AYACUCHO-CAJAMARCA-CALLAO-CUSCO-HUANCAVELICA-HUANUCO-ICA-JUNIN-LA LIBERTAD-LAMBAYEQUE-LIMA-LORETO-MADRE DE DIOS-MOQUEGUA-PASCO-PIURA-PUNO-SAN MARTIN-TACNA-TUMBES-UCAYALI
Arroz a la jardinera con pollo frito;4.1;5.3;25.8;POLLO-ARROZ-ARVEJA-ZANAHORIA-CHOCLO-CEBOLLA-PALILLO-AJO-AJI AMARILLO-SAL;ALMUERZO;AMAZONAS-ANCASH-APURIMAC-AREQUIPA-AYACUCHO-CAJAMARCA-CALLAO-CUSCO-HUANCAVELICA-HUANUCO-ICA-JUNIN-LA LIBERTAD-LAMBAYEQUE-LIMA-LORETO-MADRE DE DIOS-MOQUEGUA-PASCO-PIURA-PUNO-SAN MARTIN-TACNA-TUMBES-UCAYALI
Arroz arabe con pollo;8;1.5;16;POLLO-FIDEO-ARROZ-AJO-PASA-PECANA-GASEOSA NEGRA-SAL;ALMUERZO;AMAZONAS-ANCASH-APURIMAC-AREQUIPA-AYACUCHO-CAJAMARCA-CALLAO-CUSCO-HUANCAVELICA-HUANUCO-ICA-JUNIN-LA LIBERTAD-LAMBAYEQUE-LIMA-LORETO-MADRE DE DIOS-MOQUEGUA-PASCO-PIURA-PUNO-SAN MARTIN-TACNA-TUMBES-UCAYALI
Arroz blanco con filete de pollo. papas sancochadas y ensalada;6.5;2.5;23.8;POLLO-LECHUGA-ZANAHORIA-TOMATE-PAPA-SAL;ALMUERZO;AMAZONAS-ANCASH-APURIMAC-AREQUIPA-AYACUCHO-CAJAMARCA-CALLAO-CUSCO-HUANCAVELICA-HUANUCO-ICA-JUNIN-LA LIBERTAD-LAMBAYEQUE-LIMA-LORETO-MADRE DE DIOS-MOQUEGUA-PASCO-PIURA-PUNO-SAN MARTIN-TACNA-TUMBES-UCAYALI
Arroz chaufa con pollo chijaukay;7.5;9.4;23.7;POLLO-CEBOLLA CHINA-KION-SILLAO-ARROZ-HUEVO-AJONJOLI-SALCHICHA-SAL;ALMUERZO;AREQUIPA-CAJAMARCA-CALLAO-CUSCO-ICA-LA LIBERTAD-LAMBAYEQUE-LIMA-PIURA
Arroz chaufa con pollo tamarindo;6.3;1.4;22.2;POLLO-CEBOLLA CHINA-KION-SILLAO-ARROZ-HUEVO-TAMARINDO-SALCHICHA-SAL;ALMUERZO;AREQUIPA-CAJAMARCA-CALLAO-CUSCO-ICA-LA LIBERTAD-LAMBAYEQUE-LIMA-PIURA
Arroz chaufa con pollo taypa especial;8.9;4.4;11.7;POLLO-ARROZ-CHORIZO-LANGOSTINO-HUEVO-CEBOLLA CHINA-BROCOLI-SOJA-AJONJOLI-SILLAO-SAL;ALMUERZO;AREQUIPA-CAJAMARCA-CALLAO-CUSCO-ICA-LA LIBERTAD-LAMBAYEQUE-LIMA-PIURA
Arroz chaufa de cerdo;6.8;4.9;29.6;CERDO-ARROZ-HUEVO-KION-SILLAO-CEBOLLA CHINA-SAL;ALMUERZO;AMAZONAS-ANCASH-APURIMAC-AREQUIPA-AYACUCHO-CAJAMARCA-CALLAO-CUSCO-HUANCAVELICA-HUANUCO-ICA-JUNIN-LA LIBERTAD-LAMBAYEQUE-LIMA-LORETO-MADRE DE DIOS-MOQUEGUA-PASCO-PIURA-PUNO-SAN MARTIN-TACNA-TUMBES-UCAYALI
Arroz chaufa de mariscos;6.2;1.7;19.5;MARISCO-ARROZ-HUEVO-KION-SILLAO-CEBOLLA CHINA-SAL;ALMUERZO;AREQUIPA-CALLAO-CUSCO-ICA-LA LIBERTAD-LAMBAYEQUE-LIMA-PIURA-TACNA-TUMBES
Arroz chaufa de pollo;6.7;3;28.4;POLLO-ARROZ-HUEVO-KION-SILLAO-CEBOLLA CHINA-SAL;ALMUERZO;AMAZONAS-ANCASH-APURIMAC-AREQUIPA-AYACUCHO-CAJAMARCA-CALLAO-CUSCO-HUANCAVELICA-HUANUCO-ICA-JUNIN-LA LIBERTAD-LAMBAYEQUE-LIMA-LORETO-MADRE DE DIOS-MOQUEGUA-PASCO-PIURA-PUNO-SAN MARTIN-TACNA-TUMBES-UCAYALI
Arroz chaufa de res;6.3;14.9;23.1;RES-ARROZ-HUEVO-KION-SILLAO-CEBOLLA CHINA-SAL;ALMUERZO;AMAZONAS-ANCASH-APURIMAC-AREQUIPA-AYACUCHO-CAJAMARCA-CALLAO-CUSCO-HUANCAVELICA-HUANUCO-ICA-JUNIN-LA LIBERTAD-LAMBAYEQUE-LIMA-LORETO-MADRE DE DIOS-MOQUEGUA-PASCO-PIURA-PUNO-SAN MARTIN-TACNA-TUMBES-UCAYALI
Arroz chaufa especial;10.5;7.5;23;POLLO-SALCHICHA-CHORIZO-ARROZ-HUEVO-KION-SILLAO-CEBOLLA CHINA-SAL;ALMUERZO;AMAZONAS-ANCASH-APURIMAC-AREQUIPA-AYACUCHO-CAJAMARCA-CALLAO-CUSCO-HUANCAVELICA-HUANUCO-ICA-JUNIN-LA LIBERTAD-LAMBAYEQUE-LIMA-LORETO-MADRE DE DIOS-MOQUEGUA-PASCO-PIURA-PUNO-SAN MARTIN-TACNA-TUMBES-UCAYALI
Arroz con carne;4.9;0.5;23.6;RES-ARROZ-CEBOLLA-TOMATE-CEBOLLA-ARVERJA-FRIJOL VERDE-SAL;ALMUERZO;AMAZONAS-ANCASH-APURIMAC-AREQUIPA-AYACUCHO-CAJAMARCA-CALLAO-CUSCO-HUANCAVELICA-HUANUCO-ICA-JUNIN-LA LIBERTAD-LAMBAYEQUE-LIMA-LORETO-MADRE DE DIOS-MOQUEGUA-PASCO-PIURA-PUNO-SAN MARTIN-TACNA-TUMBES-UCAYALI
Arroz con cerdo con sarsa criolla;4.1;2.9;24.2;CERDO-CEBOLLA-ARROZ-ACHIOTE-CEBOLLA CHINA-CHOCLO-TOMATE-CULANTRO-SAL;ALMUERZO;AMAZONAS-ANCASH-APURIMAC-AREQUIPA-AYACUCHO-CAJAMARCA-CALLAO-CUSCO-HUANCAVELICA-HUANUCO-ICA-JUNIN-LA LIBERTAD-LAMBAYEQUE-LIMA-LORETO-MADRE DE DIOS-MOQUEGUA-PASCO-PIURA-PUNO-SAN MARTIN-TACNA-TUMBES-UCAYALI
Arroz con frejol y seco de res;6.3;1.7;20.2;RES-FREJOL CANARIO-CEBOLLA-ZANAHORIA-CULANTRO-AJO-ARROZ-SAL;ALMUERZO;AMAZONAS-ANCASH-APURIMAC-AREQUIPA-AYACUCHO-CAJAMARCA-CALLAO-CUSCO-HUANCAVELICA-HUANUCO-ICA-JUNIN-LA LIBERTAD-LAMBAYEQUE-LIMA-LORETO-MADRE DE DIOS-MOQUEGUA-PASCO-PIURA-PUNO-SAN MARTIN-TACNA-TUMBES-UCAYALI
Arroz con frejoles y seco de pollo;6.8;2.4;20.1;POLLO-FREJOL CANARIO-CEBOLLA-ZANAHORIA-CULANTRO-AJO-ARROZ-SAL;ALMUERZO;AMAZONAS-ANCASH-APURIMAC-AREQUIPA-AYACUCHO-CAJAMARCA-CALLAO-CUSCO-HUANCAVELICA-HUANUCO-ICA-JUNIN-LA LIBERTAD-LAMBAYEQUE-LIMA-LORETO-MADRE DE DIOS-MOQUEGUA-PASCO-PIURA-PUNO-SAN MARTIN-TACNA-TUMBES-UCAYALI
Arroz con lentejas con churrasco;9.4;2.9;23.1;RES-LENTEJAS-CEBOLLA-AJO-ARROZ-SAL;ALMUERZO;AMAZONAS-ANCASH-APURIMAC-AREQUIPA-AYACUCHO-CAJAMARCA-CALLAO-CUSCO-HUANCAVELICA-HUANUCO-ICA-JUNIN-LA LIBERTAD-LAMBAYEQUE-LIMA-LORETO-MADRE DE DIOS-MOQUEGUA-PASCO-PIURA-PUNO-SAN MARTIN-TACNA-TUMBES-UCAYALI
Arroz con mariscos;5.6;1.5;21.8;MARISCOS-ARROZ-CEBOLLA-AJO-TOMATE-OREGANO-LAUREL-ACHIOTE-CULANTRO-SAL;ALMUERZO;AREQUIPA-CALLAO-CUSCO-ICA-LA LIBERTAD-LAMBAYEQUE-LIMA-PIURA-TACNA-TUMBES
Arroz con pato;5.6;7.1;21.3;PATO-ARROZ-CEBOLLA-AJO-AJI PANCA-CERVEZA-CULANTRO-ARVERJA-AJI AMARILLO-PIMIENTO-CHOCLO-ZAPALLO-SAL;ALMUERZO;AMAZONAS-ANCASH-APURIMAC-AREQUIPA-AYACUCHO-CAJAMARCA-CALLAO-CUSCO-HUANCAVELICA-HUANUCO-ICA-JUNIN-LA LIBERTAD-LAMBAYEQUE-LIMA-LORETO-MADRE DE DIOS-MOQUEGUA-PASCO-PIURA-PUNO-SAN MARTIN-TACNA-TUMBES-UCAYALI
Arroz con pollo;6.9;2.2;23.6;POLLO-ARROZ-CEBOLLA-AJO-AJI PANCA-CERVEZA-CULANTRO-ARVERJA-AJI AMARILLO-PIMIENTO-CHOCLO-ZAPALLO-SAL;ALMUERZO;AMAZONAS-ANCASH-APURIMAC-AREQUIPA-AYACUCHO-CAJAMARCA-CALLAO-CUSCO-HUANCAVELICA-HUANUCO-ICA-JUNIN-LA LIBERTAD-LAMBAYEQUE-LIMA-LORETO-MADRE DE DIOS-MOQUEGUA-PASCO-PIURA-PUNO-SAN MARTIN-TACNA-TUMBES-UCAYALI
Arroz tapado;7.3;4.4;21.4;RES-ARROZ-CEBOLLA-PASAS-ACEITUNAS-HUEVO-AJO-AJI PANCA-AJI AMARILLO-SAL;ALMUERZO;AREQUIPA-CAJAMARCA-CALLAO-CUSCO-ICA-LA LIBERTAD-LAMBAYEQUE-LIMA-PIURA
Arvejita verde partida con estofado de pollo y arroz;8.8;2.8;20.2;POLLO-ZANAHORIA-ARVERJA-AJI PANCA-ARVEJITA VERDE-CEBOLLA-AJO-ARROZ-SAL;ALMUERZO;AMAZONAS-ANCASH-APURIMAC-AREQUIPA-AYACUCHO-CAJAMARCA-CALLAO-CUSCO-HUANCAVELICA-HUANUCO-ICA-JUNIN-LA LIBERTAD-LAMBAYEQUE-LIMA-LORETO-MADRE DE DIOS-MOQUEGUA-PASCO-PIURA-PUNO-SAN MARTIN-TACNA-TUMBES-UCAYALI
Arvejita verde partida con guiso de pollo y arroz;7.8;1.2;24.5;POLLO-ZANAHORIA-ARVERJA-AJI PANCA-ARVEJITA VERDE-CEBOLLA-AJO-ARROZ-SAL;ALMUERZO;AMAZONAS-ANCASH-APURIMAC-AREQUIPA-AYACUCHO-CAJAMARCA-CALLAO-CUSCO-HUANCAVELICA-HUANUCO-ICA-JUNIN-LA LIBERTAD-LAMBAYEQUE-LIMA-LORETO-MADRE DE DIOS-MOQUEGUA-PASCO-PIURA-PUNO-SAN MARTIN-TACNA-TUMBES-UCAYALI
Arvejita verde partida con hígado frito y arroz;4.6;1.1;29.8;RES-AJI PANCA-ARVEJITA VERDE-CEBOLLA-AJO-ARROZ-SAL;ALMUERZO;AMAZONAS-ANCASH-APURIMAC-AREQUIPA-AYACUCHO-CAJAMARCA-CALLAO-CUSCO-HUANCAVELICA-HUANUCO-ICA-JUNIN-LA LIBERTAD-LAMBAYEQUE-LIMA-LORETO-MADRE DE DIOS-MOQUEGUA-PASCO-PIURA-PUNO-SAN MARTIN-TACNA-TUMBES-UCAYALI
Arvejita verde partida con pescado frito y arroz;5.2;13.7;27.8;PESCADO-AJI PANCA-ARVEJITA VERDE-CEBOLLA-AJO-ARROZ-SAL;ALMUERZO;ANCASH-APURIMAC-AYACUCHO-CAJAMARCA-CALLAO-CUSCO-HUANCAVELICA-HUANUCO-ICA-JUNIN-LA LIBERTAD-LAMBAYEQUE-LIMA-LORETO-TACNA-TUMBES
Arvejita verde partida con pollo al horno y arroz;7.3;3.4;15.6;POLLO-ZANAHORIA-ARVERJA-AJI PANCA-ARVEJITA VERDE-CEBOLLA-AJO-ARROZ-SAL;ALMUERZO;AMAZONAS-ANCASH-APURIMAC-AREQUIPA-AYACUCHO-CAJAMARCA-CALLAO-CUSCO-HUANCAVELICA-HUANUCO-ICA-JUNIN-LA LIBERTAD-LAMBAYEQUE-LIMA-LORETO-MADRE DE DIOS-MOQUEGUA-PASCO-PIURA-PUNO-SAN MARTIN-TACNA-TUMBES-UCAYALI
Asado de cerdo con arvejita verde y arroz;9.4;1.8;19.5;CERDO-AJI PANCA-CEBOLLA-ARVEJITA VERDE-AJO-ARROZ-SAL;ALMUERZO;AMAZONAS-ANCASH-APURIMAC-AREQUIPA-AYACUCHO-CAJAMARCA-CALLAO-CUSCO-HUANCAVELICA-HUANUCO-ICA-JUNIN-LA LIBERTAD-LAMBAYEQUE-LIMA-LORETO-MADRE DE DIOS-MOQUEGUA-PASCO-PIURA-PUNO-SAN MARTIN-TACNA-TUMBES-UCAYALI
Asado de cerdo con menestra y arroz;8;2.2;24.9;CERDO-AJI PANCA-CEBOLLA-MENESTRA-AJO-ARROZ-SAL;ALMUERZO;AMAZONAS-ANCASH-APURIMAC-AREQUIPA-AYACUCHO-CAJAMARCA-CALLAO-CUSCO-HUANCAVELICA-HUANUCO-ICA-JUNIN-LA LIBERTAD-LAMBAYEQUE-LIMA-LORETO-MADRE DE DIOS-MOQUEGUA-PASCO-PIURA-PUNO-SAN MARTIN-TACNA-TUMBES-UCAYALI
Asado de pollo con menestra y arroz;7.4;1.5;19.8;POLLO-AJI PANCA-CEBOLLA-MENESTRA-AJO-ARROZ-SAL;ALMUERZO;AMAZONAS-ANCASH-APURIMAC-AREQUIPA-AYACUCHO-CAJAMARCA-CALLAO-CUSCO-HUANCAVELICA-HUANUCO-ICA-JUNIN-LA LIBERTAD-LAMBAYEQUE-LIMA-LORETO-MADRE DE DIOS-MOQUEGUA-PASCO-PIURA-PUNO-SAN MARTIN-TACNA-TUMBES-UCAYALI
Asado de pollo con puré y arroz;6.4;2.7;23.7;POLLO-AJI PANCA-CEBOLLA-PAPA-AJO-ARROZ-SAL;ALMUERZO;AMAZONAS-ANCASH-APURIMAC-AREQUIPA-AYACUCHO-CAJAMARCA-CALLAO-CUSCO-HUANCAVELICA-HUANUCO-ICA-JUNIN-LA LIBERTAD-LAMBAYEQUE-LIMA-LORETO-MADRE DE DIOS-MOQUEGUA-PASCO-PIURA-PUNO-SAN MARTIN-TACNA-TUMBES-UCAYALI
Asado de pollo y arroz;8;3.5;20.9;POLLO-AJI PANCA-CEBOLLA-AJO-ARROZ-SAL;ALMUERZO;AMAZONAS-ANCASH-APURIMAC-AREQUIPA-AYACUCHO-CAJAMARCA-CALLAO-CUSCO-HUANCAVELICA-HUANUCO-ICA-JUNIN-LA LIBERTAD-LAMBAYEQUE-LIMA-LORETO-MADRE DE DIOS-MOQUEGUA-PASCO-PIURA-PUNO-SAN MARTIN-TACNA-TUMBES-UCAYALI
Asado de res con menestra y arroz;5.7;0.9;18.3;RES-AJI PANCA-CEBOLLA-MENESTRA-AJO-ARROZ-SAL;ALMUERZO;AMAZONAS-ANCASH-APURIMAC-AREQUIPA-AYACUCHO-CAJAMARCA-CALLAO-CUSCO-HUANCAVELICA-HUANUCO-ICA-JUNIN-LA LIBERTAD-LAMBAYEQUE-LIMA-LORETO-MADRE DE DIOS-MOQUEGUA-PASCO-PIURA-PUNO-SAN MARTIN-TACNA-TUMBES-UCAYALI
Asado de res con puré y arroz;6.1;1.5;19.6;RES-AJI PANCA-CEBOLLA-PAPA-AJO-ARROZ-SAL;ALMUERZO;AMAZONAS-ANCASH-APURIMAC-AREQUIPA-AYACUCHO-CAJAMARCA-CALLAO-CUSCO-HUANCAVELICA-HUANUCO-ICA-JUNIN-LA LIBERTAD-LAMBAYEQUE-LIMA-LORETO-MADRE DE DIOS-MOQUEGUA-PASCO-PIURA-PUNO-SAN MARTIN-TACNA-TUMBES-UCAYALI
Asado de res y arroz;4.3;0.6;30.4;RES-AJI PANCA-CEBOLLA-AJO-ARROZ-SAL;ALMUERZO;AMAZONAS-ANCASH-APURIMAC-AREQUIPA-AYACUCHO-CAJAMARCA-CALLAO-CUSCO-HUANCAVELICA-HUANUCO-ICA-JUNIN-LA LIBERTAD-LAMBAYEQUE-LIMA-LORETO-MADRE DE DIOS-MOQUEGUA-PASCO-PIURA-PUNO-SAN MARTIN-TACNA-TUMBES-UCAYALI
Atún vegano;11.9;3.1;21.2;PESCADO-TOMATE-CEBOLLA-LECHUGA-TOSTADA-SAL;DESAYUNO-CENA;AREQUIPA-CALLAO-CUSCO-ICA-LA LIBERTAD-LAMBAYEQUE-LIMA-PIURA-TACNA-TUMBES
Bisteck de res a lo pobre con arroz;7.6;5.7;21.5;RES-PAPA-PLATANO-HUEVO-ARROZ-AJO-CEBOLLA-TOMATE-SAL;ALMUERZO;AMAZONAS-ANCASH-APURIMAC-AREQUIPA-AYACUCHO-CAJAMARCA-CALLAO-CUSCO-HUANCAVELICA-HUANUCO-ICA-JUNIN-LA LIBERTAD-LAMBAYEQUE-LIMA-LORETO-MADRE DE DIOS-MOQUEGUA-PASCO-PIURA-PUNO-SAN MARTIN-TACNA-TUMBES-UCAYALI
Bisteck de res con arroz;6.7;2.1;20.7;RES-ARROZ-AJO-CEBOLLA-TOMATE-SAL;ALMUERZO;AMAZONAS-ANCASH-APURIMAC-AREQUIPA-AYACUCHO-CAJAMARCA-CALLAO-CUSCO-HUANCAVELICA-HUANUCO-ICA-JUNIN-LA LIBERTAD-LAMBAYEQUE-LIMA-LORETO-MADRE DE DIOS-MOQUEGUA-PASCO-PIURA-PUNO-SAN MARTIN-TACNA-TUMBES-UCAYALI
Bisteck de res con papas fritas y arroz;3.4;3.1;13.5;RES-PAPA-ARROZ-AJO-CEBOLLA-TOMATE-SAL;ALMUERZO;AMAZONAS-ANCASH-APURIMAC-AREQUIPA-AYACUCHO-CAJAMARCA-CALLAO-CUSCO-HUANCAVELICA-HUANUCO-ICA-JUNIN-LA LIBERTAD-LAMBAYEQUE-LIMA-LORETO-MADRE DE DIOS-MOQUEGUA-PASCO-PIURA-PUNO-SAN MARTIN-TACNA-TUMBES-UCAYALI
Cabrito a la norteña con arroz;7.3;1.7;22.5;CABRITO-CHICHA DE JORA-AJO-CEBOLLA-AJI AMARILLO-CULANTRO-ZAPALLO-ARROZ-SAL;ALMUERZO;AMAZONAS-ANCASH-APURIMAC-AREQUIPA-AYACUCHO-CAJAMARCA-CALLAO-CUSCO-HUANCAVELICA-HUANUCO-ICA-JUNIN-LA LIBERTAD-LAMBAYEQUE-LIMA-LORETO-MADRE DE DIOS-MOQUEGUA-PASCO-PIURA-PUNO-SAN MARTIN-TACNA-TUMBES-UCAYALI
Cabrito con frejoles y arroz;5.5;7.5;19.3;CABRITO-AJO-CEBOLLA-AJI AMARILLO-CULANTRO-ZAPALLO-FREJOL CANARIO-ARROZ-SAL;ALMUERZO;AMAZONAS-ANCASH-APURIMAC-AREQUIPA-AYACUCHO-CAJAMARCA-CALLAO-CUSCO-HUANCAVELICA-HUANUCO-ICA-JUNIN-LA LIBERTAD-LAMBAYEQUE-LIMA-LORETO-MADRE DE DIOS-MOQUEGUA-PASCO-PIURA-PUNO-SAN MARTIN-TACNA-TUMBES-UCAYALI
Carapulcra de cerdo y arroz;8.8;3.3;29.5;CERDO-CARAPULCRA-MANI-AJI COLORADO-CEBOLLA-AJO-ARROZ-SAL-ARROZ;ALMUERZO;AMAZONAS-ANCASH-APURIMAC-AREQUIPA-AYACUCHO-CAJAMARCA-CALLAO-CUSCO-HUANCAVELICA-HUANUCO-ICA-JUNIN-LA LIBERTAD-LAMBAYEQUE-LIMA-LORETO-MADRE DE DIOS-MOQUEGUA-PASCO-PIURA-PUNO-SAN MARTIN-TACNA-TUMBES-UCAYALI
Carapulcra y arroz;6.1;4;24.3;POLLO-CARAPULCRA-MANI-AJI COLORADO-CEBOLLA-AJO-YUCA-SAL-ARROZ;ALMUERZO;AMAZONAS-ANCASH-APURIMAC-AREQUIPA-AYACUCHO-CAJAMARCA-CALLAO-CUSCO-HUANCAVELICA-HUANUCO-ICA-JUNIN-LA LIBERTAD-LAMBAYEQUE-LIMA-LORETO-MADRE DE DIOS-MOQUEGUA-PASCO-PIURA-PUNO-SAN MARTIN-TACNA-TUMBES-UCAYALI
Carne de res con ensalada y arroz;6.9;10.5;22.7;RES-PAPA-ZANAHORIA-LECHUGA-TOMATE-RABANITO-SAL-ARROZ;ALMUERZO;AMAZONAS-ANCASH-APURIMAC-AREQUIPA-AYACUCHO-CAJAMARCA-CALLAO-CUSCO-HUANCAVELICA-HUANUCO-ICA-JUNIN-LA LIBERTAD-LAMBAYEQUE-LIMA-LORETO-MADRE DE DIOS-MOQUEGUA-PASCO-PIURA-PUNO-SAN MARTIN-TACNA-TUMBES-UCAYALI
Carpaccio de pescado;14;1.9;3.3;PESCADO-LIMON-MOSTAZA-AJO-CEBOLLA-ACEITE DE OLIVA-MIEL-SAL;ALMUERZO;ANCASH-APURIMAC-AYACUCHO-CAJAMARCA-CALLAO-CUSCO-HUANCAVELICA-HUANUCO-ICA-JUNIN-LA LIBERTAD-LAMBAYEQUE-LIMA-LORETO-TACNA-TUMBES
Cau cau con arroz;5.3;2.8;16.9;MONDONGO-PAPA-AJI AMARILLO-ARVERJITA-AJO-HIERBABUENA-CEBOLLA-ZANAHORIA-PALILLO-SAL-ARROZ;ALMUERZO;AMAZONAS-ANCASH-APURIMAC-AREQUIPA-AYACUCHO-CAJAMARCA-CALLAO-CUSCO-HUANCAVELICA-HUANUCO-ICA-JUNIN-LA LIBERTAD-LAMBAYEQUE-LIMA-LORETO-MADRE DE DIOS-MOQUEGUA-PASCO-PIURA-PUNO-SAN MARTIN-TACNA-TUMBES-UCAYALI
Causa;4.7;2.5;14.1;ACEITUNA-PAPA-LIMON-AJI AMARILLO-AJO-MAYONESA-CEBOLLA-HUEVO-PALTA-PIMIENTA-SAL;ALMUERZO;AMAZONAS-ANCASH-APURIMAC-AREQUIPA-AYACUCHO-CAJAMARCA-CALLAO-CUSCO-HUANCAVELICA-HUANUCO-ICA-JUNIN-LA LIBERTAD-LAMBAYEQUE-LIMA-LORETO-MADRE DE DIOS-MOQUEGUA-PASCO-PIURA-PUNO-SAN MARTIN-TACNA-TUMBES-UCAYALI
Causa criolla;2.4;10.7;18;ACEITUNA-PAPA-LIMON-AJI AMARILLO-AJO-MAYONESA-CEBOLLA-HUEVO-PALTA-PIMIENTA-SAL;ALMUERZO;AMAZONAS-ANCASH-APURIMAC-AREQUIPA-AYACUCHO-CAJAMARCA-CALLAO-CUSCO-HUANCAVELICA-HUANUCO-ICA-JUNIN-LA LIBERTAD-LAMBAYEQUE-LIMA-LORETO-MADRE DE DIOS-MOQUEGUA-PASCO-PIURA-PUNO-SAN MARTIN-TACNA-TUMBES-UCAYALI
Causa de palta;1.4;11.9;9.6;PALTA-PAPA-LIMON-AJI AMARILLO-AJO-MAYONESA-CEBOLLA-HUEVO-POLLO-PIMIENTA-SAL;ALMUERZO;AMAZONAS-ANCASH-APURIMAC-AREQUIPA-AYACUCHO-CAJAMARCA-CALLAO-CUSCO-HUANCAVELICA-HUANUCO-ICA-JUNIN-LA LIBERTAD-LAMBAYEQUE-LIMA-LORETO-MADRE DE DIOS-MOQUEGUA-PASCO-PIURA-PUNO-SAN MARTIN-TACNA-TUMBES-UCAYALI
Causa de pescado;3.2;4.3;18.8;PESCADO-PAPA-LIMON-AJI AMARILLO-AJO-MAYONESA-CEBOLLA-HUEVO-PALTA-PIMIENTA-SAL;ALMUERZO;ANCASH-APURIMAC-AYACUCHO-CAJAMARCA-CALLAO-CUSCO-HUANCAVELICA-HUANUCO-ICA-JUNIN-LA LIBERTAD-LAMBAYEQUE-LIMA-LORETO-TACNA-TUMBES
Causa de pollo;4.5;5.8;15.5;POLLO-ZANAHORIA-VAINITA-PAPA-LIMON-AJI AMARILLO-MAYONESA-CEBOLLA-HUEVO-PALTA-PIMIENTA-SAL;ALMUERZO;AMAZONAS-ANCASH-APURIMAC-AREQUIPA-AYACUCHO-CAJAMARCA-CALLAO-CUSCO-HUANCAVELICA-HUANUCO-ICA-JUNIN-LA LIBERTAD-LAMBAYEQUE-LIMA-LORETO-MADRE DE DIOS-MOQUEGUA-PASCO-PIURA-PUNO-SAN MARTIN-TACNA-TUMBES-UCAYALI
Causa de pulpa de cangrejo;6.7;17.6;9.4;CANGREJO-PAPA-LIMON-AJI AMARILLO-AJO-MAYONESA-CEBOLLA-HUEVO-PALTA-PIMIENTA-SAL;ALMUERZO;AMAZONAS-ANCASH-APURIMAC-AREQUIPA-AYACUCHO-CAJAMARCA-CALLAO-CUSCO-HUANCAVELICA-HUANUCO-ICA-JUNIN-LA LIBERTAD-LAMBAYEQUE-LIMA-LORETO-MADRE DE DIOS-MOQUEGUA-PASCO-PIURA-PUNO-SAN MARTIN-TACNA-TUMBES-UCAYALI
Causa rellena;3.7;4.2;17.5;ATUN-PAPA-LIMON-AJI AMARILLO-AJO-MAYONESA-CEBOLLA-HUEVO-PALTA-PIMIENTA-SAL;ALMUERZO;AMAZONAS-ANCASH-APURIMAC-AREQUIPA-AYACUCHO-CAJAMARCA-CALLAO-CUSCO-HUANCAVELICA-HUANUCO-ICA-JUNIN-LA LIBERTAD-LAMBAYEQUE-LIMA-LORETO-MADRE DE DIOS-MOQUEGUA-PASCO-PIURA-PUNO-SAN MARTIN-TACNA-TUMBES-UCAYALI
Cebiche con chicharrón;9.1;7.9;15.1;PESCADO-AJI LIMO-CULANTRO-LIMON-CEBOLLA-LECHUGA-CANCHA-CHOCLO-CAMOTE-HARINA-HUEVO-AJO-SAL;ALMUERZO;AMAZONAS-ANCASH-APURIMAC-AREQUIPA-AYACUCHO-CAJAMARCA-CALLAO-CUSCO-HUANCAVELICA-HUANUCO-ICA-JUNIN-LA LIBERTAD-LAMBAYEQUE-LIMA-LORETO-MADRE DE DIOS-MOQUEGUA-PASCO-PIURA-PUNO-SAN MARTIN-TACNA-TUMBES-UCAYALI
Cebiche de pescado;7.3;1.4;13;PESCADO-AJI LIMO-CULANTRO-LIMON-CEBOLLA-LECHUGA-CANCHA-CHOCLO-CAMOTE-HARINA-HUEVO-AJO-SAL;ALMUERZO;ANCASH-APURIMAC-AYACUCHO-CAJAMARCA-CALLAO-CUSCO-HUANCAVELICA-HUANUCO-ICA-JUNIN-LA LIBERTAD-LAMBAYEQUE-LIMA-LORETO-TACNA-TUMBES
Cebiche de pescado con chicharrón de pota;6.9;2.7;24.8;PESCADO-POTA-AJI LIMO-CULANTRO-LIMON-CEBOLLA-LECHUGA-CANCHA-CHOCLO-CAMOTE-HARINA-HUEVO-AJO-SAL;ALMUERZO;ANCASH-APURIMAC-AYACUCHO-CAJAMARCA-CALLAO-CUSCO-HUANCAVELICA-HUANUCO-ICA-JUNIN-LA LIBERTAD-LAMBAYEQUE-LIMA-LORETO-TACNA-TUMBES
Cebiche de pescado con pota;4.4;0.2;14.1;PESCADO-POTA-AJI LIMO-CULANTRO-LIMON-CEBOLLA-LECHUGA-CANCHA-CHOCLO-CAMOTE-HARINA-HUEVO-AJO-SAL;ALMUERZO;ANCASH-APURIMAC-AYACUCHO-CAJAMARCA-CALLAO-CUSCO-HUANCAVELICA-HUANUCO-ICA-JUNIN-LA LIBERTAD-LAMBAYEQUE-LIMA-LORETO-TACNA-TUMBES
Cebiche de pollo con arroz;7.6;2.3;21.7;POLLO-CEBOLLA-LIMON-AJI AMARILLO-AJO-CULANTRO-SAL-ARROZ;ALMUERZO;AMAZONAS-ANCASH-APURIMAC-AREQUIPA-AYACUCHO-CAJAMARCA-CALLAO-CUSCO-HUANCAVELICA-HUANUCO-ICA-JUNIN-LA LIBERTAD-LAMBAYEQUE-LIMA-LORETO-MADRE DE DIOS-MOQUEGUA-PASCO-PIURA-PUNO-SAN MARTIN-TACNA-TUMBES-UCAYALI
Cebiche de pota;5.1;0.4;7.8;POTA-AJI AMARILLO-CEBOLLA-LIMON-CULANTRO-CHOCLO-SAL;ALMUERZO;AMAZONAS-ANCASH-APURIMAC-AREQUIPA-AYACUCHO-CAJAMARCA-CALLAO-CUSCO-HUANCAVELICA-HUANUCO-ICA-JUNIN-LA LIBERTAD-LAMBAYEQUE-LIMA-LORETO-MADRE DE DIOS-MOQUEGUA-PASCO-PIURA-PUNO-SAN MARTIN-TACNA-TUMBES-UCAYALI
Cebiche mixto;8.4;0.5;8.8;PESCADO-CALAMAR-CAMARONES-PULPO-LIMON-CEBOLLA-AJI AMARILLO-AJI LIMO-ROCOTO-AJO-CULANTRO-SAL;ALMUERZO;AMAZONAS-ANCASH-APURIMAC-AREQUIPA-AYACUCHO-CAJAMARCA-CALLAO-CUSCO-HUANCAVELICA-HUANUCO-ICA-JUNIN-LA LIBERTAD-LAMBAYEQUE-LIMA-LORETO-MADRE DE DIOS-MOQUEGUA-PASCO-PIURA-PUNO-SAN MARTIN-TACNA-TUMBES-UCAYALI
Cebiche y chilcano de pescado;6.3;2.9;5.8;PESCADO-CALAMAR-CAMARONES-PULPO-LIMON-CEBOLLA-AJI AMARILLO-AJI LIMO-ROCOTO-AJO-CULANTRO-SAL;ALMUERZO;ANCASH-APURIMAC-AYACUCHO-CAJAMARCA-CALLAO-CUSCO-HUANCAVELICA-HUANUCO-ICA-JUNIN-LA LIBERTAD-LAMBAYEQUE-LIMA-LORETO-TACNA-TUMBES
Cerdo al horno con arroz;7.7;3.5;23.3;CERDO-AJI PANCA-CEBOLLA-ARVEJITA VERDE-AJO-ARROZ;ALMUERZO;AMAZONAS-ANCASH-APURIMAC-AREQUIPA-AYACUCHO-CAJAMARCA-CALLAO-CUSCO-HUANCAVELICA-HUANUCO-ICA-JUNIN-LA LIBERTAD-LAMBAYEQUE-LIMA-LORETO-MADRE DE DIOS-MOQUEGUA-PASCO-PIURA-PUNO-SAN MARTIN-TACNA-TUMBES-UCAYALI
Chanfainita con arroz;4.3;1.8;28.6;BOFE DE RES-PAPAS-CEBOLLA-HIERBABUENA-AJI PANCA-AJI AMARILLO-SAL;ALMUERZO;AREQUIPA-CALLAO-CUSCO-ICA-LA LIBERTAD-LAMBAYEQUE-LIMA-PIURA-TACNA-TUMBES
Chanfainita con tallarín;5.8;0.7;31.4;BOFE DE RES-PAPAS-CEBOLLA-HIERBABUENA-AJI PANCA-AJI AMARILLO-SAL-TALLARIN;ALMUERZO;AREQUIPA-CALLAO-CUSCO-ICA-LA LIBERTAD-LAMBAYEQUE-LIMA-PIURA-TACNA-TUMBES
Chaque;5.5;0.6;9.5;RES-TRIGO-CORDERO-CECINA-CEBOLLA-AJO-AJI PANCA-PAPA-CHUÑOS-COCLO-HABA-ZAPALLO-COL-CULANTRO-HIERBABUENA-OREGANO-SAL;ALMUERZO;ANCASH-AREQUIPA-AYACUCHO-CAJAMARCA-CALLAO-CUSCO-HUANCAVELICA-HUANUCO-ICA-JUNIN-LA LIBERTAD-LIMA-LORETO-MADRE DE DIOS-MOQUEGUA-PASCO-PIURA-PUNO
Chicharrón con salsa criolla y leche de tigre;5.7;0.7;9.3;PESCADO-MAICENA-AJO-HUEVO-ROMERO-LIMON-CULANTRO-KION-CEBOLLA-SAL;ALMUERZO;AMAZONAS-ANCASH-APURIMAC-AREQUIPA-AYACUCHO-CAJAMARCA-CALLAO-CUSCO-HUANCAVELICA-HUANUCO-ICA-JUNIN-LA LIBERTAD-LAMBAYEQUE-LIMA-LORETO-MADRE DE DIOS-MOQUEGUA-PASCO-PIURA-PUNO-SAN MARTIN-TACNA-TUMBES-UCAYALI
Chicharrón de pescado;5.6;4.3;11.7;PESCADO-MAICENA-AJO-HUEVO-ROMERO-LIMON-SAL;ALMUERZO;ANCASH-APURIMAC-AYACUCHO-CAJAMARCA-CALLAO-CUSCO-HUANCAVELICA-HUANUCO-ICA-JUNIN-LA LIBERTAD-LAMBAYEQUE-LIMA-LORETO-TACNA-TUMBES
Chicharrón de pescado con arroz;6.2;7.5;27;PESCADO-MAICENA-AJO-HUEVO-ROMERO-LIMON-ARROZ-SAL;ALMUERZO;ANCASH-APURIMAC-AYACUCHO-CAJAMARCA-CALLAO-CUSCO-HUANCAVELICA-HUANUCO-ICA-JUNIN-LA LIBERTAD-LAMBAYEQUE-LIMA-LORETO-TACNA-TUMBES
Chicharrón de pescado con ensalada y arroz;6.8;10.5;29.9;PESCADO-MAICENA-AJO-HUEVO-ROMERO-LIMON-ARROZ-CEBOLLA-LECHUGA-SAL;ALMUERZO;ANCASH-APURIMAC-AYACUCHO-CAJAMARCA-CALLAO-CUSCO-HUANCAVELICA-HUANUCO-ICA-JUNIN-LA LIBERTAD-LAMBAYEQUE-LIMA-LORETO-TACNA-TUMBES
Chicharrón de pescado con frejoles y arroz;4.1;1.2;20.2;PESCADO-MAICENA-AJO-HUEVO-ROMERO-LIMON-ARROZ-CEBOLLA-LECHUGA-FREJOLES-SAL;ALMUERZO;ANCASH-APURIMAC-AYACUCHO-CAJAMARCA-CALLAO-CUSCO-HUANCAVELICA-HUANUCO-ICA-JUNIN-LA LIBERTAD-LAMBAYEQUE-LIMA-LORETO-TACNA-TUMBES
Chicharron de pescado con yuca frita y arroz;7.5;28.2;11;PESCADO-MAICENA-AJO-HUEVO-ROMERO-LIMON-ARROZ-CEBOLLA-LECHUGA-YUCA-ARROZ-SAL;ALMUERZO;ANCASH-APURIMAC-AYACUCHO-CAJAMARCA-CALLAO-CUSCO-HUANCAVELICA-HUANUCO-ICA-JUNIN-LA LIBERTAD-LAMBAYEQUE-LIMA-LORETO-TACNA-TUMBES
Chicharrón de pescado con yucas doradas;9.9;6.9;23.4;PESCADO-MAICENA-AJO-HUEVO-ROMERO-LIMON-ARROZ-CEBOLLA-LECHUGA-YUCA-SAL;ALMUERZO;ANCASH-APURIMAC-AYACUCHO-CAJAMARCA-CALLAO-CUSCO-HUANCAVELICA-HUANUCO-ICA-JUNIN-LA LIBERTAD-LAMBAYEQUE-LIMA-LORETO-TACNA-TUMBES
Chicharrón de pollo;2.7;1.6;20.2;POLLO-MAICENA-AJO-HUEVO-SAL;ALMUERZO;AMAZONAS-ANCASH-APURIMAC-AREQUIPA-AYACUCHO-CAJAMARCA-CALLAO-CUSCO-HUANCAVELICA-HUANUCO-ICA-JUNIN-LA LIBERTAD-LAMBAYEQUE-LIMA-LORETO-MADRE DE DIOS-MOQUEGUA-PASCO-PIURA-PUNO-SAN MARTIN-TACNA-TUMBES-UCAYALI
Chicharrón de pollo con ensalada y arroz;6.6;9;23.3;POLLO-MAICENA-AJO-HUEVO-COL-ZANAHORIA-LIMON-SAL;ALMUERZO;AMAZONAS-ANCASH-APURIMAC-AREQUIPA-AYACUCHO-CAJAMARCA-CALLAO-CUSCO-HUANCAVELICA-HUANUCO-ICA-JUNIN-LA LIBERTAD-LAMBAYEQUE-LIMA-LORETO-MADRE DE DIOS-MOQUEGUA-PASCO-PIURA-PUNO-SAN MARTIN-TACNA-TUMBES-UCAYALI
Chicharron de pota;5.8;15;23.8;POTA-MAICENA-AJO-HUEVO-ROMERO-LIMON-ARROZ-SAL;ALMUERZO;AMAZONAS-ANCASH-APURIMAC-AREQUIPA-AYACUCHO-CAJAMARCA-CALLAO-CUSCO-HUANCAVELICA-HUANUCO-ICA-JUNIN-LA LIBERTAD-LAMBAYEQUE-LIMA-LORETO-MADRE DE DIOS-MOQUEGUA-PASCO-PIURA-PUNO-SAN MARTIN-TACNA-TUMBES-UCAYALI
Chicharrón mixto;9.3;14.1;14.3;PESCADO-CALAMARES-LANGOSTICO-MOSTAZA-HUEVOS-CEBOLLA-ROCOTO-LIMON-HARINA-SAL;ALMUERZO;AMAZONAS-ANCASH-APURIMAC-AREQUIPA-AYACUCHO-CAJAMARCA-CALLAO-CUSCO-HUANCAVELICA-HUANUCO-ICA-JUNIN-LA LIBERTAD-LAMBAYEQUE-LIMA-LORETO-MADRE DE DIOS-MOQUEGUA-PASCO-PIURA-PUNO-SAN MARTIN-TACNA-TUMBES-UCAYALI
Chicharrón mixto con sarsa criolla y arroz;6.3;3.8;26.3;PESCADO-CALAMARES-LANGOSTICO-MOSTAZA-HUEVOS-CEBOLLA-ROCOTO-LIMON-HARINA-ARROZ-SAL;ALMUERZO;AMAZONAS-ANCASH-APURIMAC-AREQUIPA-AYACUCHO-CAJAMARCA-CALLAO-CUSCO-HUANCAVELICA-HUANUCO-ICA-JUNIN-LA LIBERTAD-LAMBAYEQUE-LIMA-LORETO-MADRE DE DIOS-MOQUEGUA-PASCO-PIURA-PUNO-SAN MARTIN-TACNA-TUMBES-UCAYALI
Chicharrón mixto con yuca frita;10.5;8.8;13.4;PESCADO-CALAMARES-LANGOSTICO-MOSTAZA-HUEVOS-CEBOLLA-ROCOTO-LIMON-HARINA-YUCA-SAL;ALMUERZO;AMAZONAS-ANCASH-APURIMAC-AREQUIPA-AYACUCHO-CAJAMARCA-CALLAO-CUSCO-HUANCAVELICA-HUANUCO-ICA-JUNIN-LA LIBERTAD-LAMBAYEQUE-LIMA-LORETO-MADRE DE DIOS-MOQUEGUA-PASCO-PIURA-PUNO-SAN MARTIN-TACNA-TUMBES-UCAYALI
Chicken quesadilla;12.2;9.9;14.3;POLLO-PIMIENTO-CEBOLLA-JALAPEÑO-AJO-QUESO-TORTILLA DE HARINA-SAL;CENA;AREQUIPA-CALLAO-CUSCO-ICA-LA LIBERTAD-LAMBAYEQUE-LIMA-PIURA-TACNA-TUMBES
Chilcano de pescado;2.3;0.2;0.5;PESCADO-AJO-CEBOLLA-APIO-PORO-AJI AMARILLO-CULANTRO-PAPA-SAL;ALMUERZO;ANCASH-APURIMAC-AYACUCHO-CAJAMARCA-CALLAO-CUSCO-HUANCAVELICA-HUANUCO-ICA-JUNIN-LA LIBERTAD-LAMBAYEQUE-LIMA-LORETO-TACNA-TUMBES
Choclo a la huancaína;5.4;5.4;12;CHOCLO-ANIS-CEBOLLA-AJI AMARILLO-GALLETA SODA-QUESO-LECHE ENTERA-MANI-SAL;CENA;AMAZONAS-ANCASH-APURIMAC-AREQUIPA-AYACUCHO-CAJAMARCA-CALLAO-CUSCO-HUANCAVELICA-HUANUCO-ICA-JUNIN-LA LIBERTAD-LAMBAYEQUE-LIMA-LORETO-MADRE DE DIOS-MOQUEGUA-PASCO-PIURA-PUNO-SAN MARTIN-TACNA-TUMBES-UCAYALI
Choclo con queso;2.5;2.8;0.9;CHOCLO-QUESO-SAL;DESAYUNO-CENA;AMAZONAS-ANCASH-APURIMAC-AREQUIPA-AYACUCHO-CAJAMARCA-CALLAO-CUSCO-HUANCAVELICA-HUANUCO-ICA-JUNIN-LA LIBERTAD-LAMBAYEQUE-LIMA-LORETO-MADRE DE DIOS-MOQUEGUA-PASCO-PIURA-PUNO-SAN MARTIN-TACNA-TUMBES-UCAYALI
Choritos a la chalaca;6.2;1.2;8.6;CHORO-VINO BLANCO-CEBOLLA-TOMATE-CHOCLO-ROCOTO-LIMON-PEREJIL-SAL;ALMUERZO;AREQUIPA-CALLAO-CUSCO-ICA-LA LIBERTAD-LAMBAYEQUE-LIMA-PIURA-TACNA-TUMBES
Chuleta a la parrilla con arroz;6.3;1.8;17.2;CERDO-VINAGRE-LIMON-SAL-ARROZ;ALMUERZO;AMAZONAS-ANCASH-APURIMAC-AREQUIPA-AYACUCHO-CAJAMARCA-CALLAO-CUSCO-HUANCAVELICA-HUANUCO-ICA-JUNIN-LA LIBERTAD-LAMBAYEQUE-LIMA-LORETO-MADRE DE DIOS-MOQUEGUA-PASCO-PIURA-PUNO-SAN MARTIN-TACNA-TUMBES-UCAYALI
Chuleta de cerdo con papas fritas y arroz;6.7;8;19.5;CERDO-VINAGRE-LIMON-SAL-ARROZ-PAPA;ALMUERZO;AMAZONAS-ANCASH-APURIMAC-AREQUIPA-AYACUCHO-CAJAMARCA-CALLAO-CUSCO-HUANCAVELICA-HUANUCO-ICA-JUNIN-LA LIBERTAD-LAMBAYEQUE-LIMA-LORETO-MADRE DE DIOS-MOQUEGUA-PASCO-PIURA-PUNO-SAN MARTIN-TACNA-TUMBES-UCAYALI
Churrasco con arroz;3.8;0.7;19.1;CHURRASCO DE RES-AJO-SAL-ARROZ;ALMUERZO;AMAZONAS-ANCASH-APURIMAC-AREQUIPA-AYACUCHO-CAJAMARCA-CALLAO-CUSCO-HUANCAVELICA-HUANUCO-ICA-JUNIN-LA LIBERTAD-LAMBAYEQUE-LIMA-LORETO-MADRE DE DIOS-MOQUEGUA-PASCO-PIURA-PUNO-SAN MARTIN-TACNA-TUMBES-UCAYALI
Churrasco con frejoles y arroz;10.9;6.4;17.8;CHURRASCO DE RES-AJO-SAL-FREJOL CANARIO-ARROZ;ALMUERZO;AMAZONAS-ANCASH-APURIMAC-AREQUIPA-AYACUCHO-CAJAMARCA-CALLAO-CUSCO-HUANCAVELICA-HUANUCO-ICA-JUNIN-LA LIBERTAD-LAMBAYEQUE-LIMA-LORETO-MADRE DE DIOS-MOQUEGUA-PASCO-PIURA-PUNO-SAN MARTIN-TACNA-TUMBES-UCAYALI
Churrasco con papas fritas con ensalada y arroz;4.6;4.3;24.4;CHURRASCO DE RES-AJO-SAL-PAPA-LECHUGA-ZANAHORIA-LIMON-ARROZ;ALMUERZO;AMAZONAS-ANCASH-APURIMAC-AREQUIPA-AYACUCHO-CAJAMARCA-CALLAO-CUSCO-HUANCAVELICA-HUANUCO-ICA-JUNIN-LA LIBERTAD-LAMBAYEQUE-LIMA-LORETO-MADRE DE DIOS-MOQUEGUA-PASCO-PIURA-PUNO-SAN MARTIN-TACNA-TUMBES-UCAYALI
Combinado de pollo;6.5;1.4;35.6;POLLO-HUEVO-CEBOLLA CHINA-FIDEO-KION-HOLANTAO-FREJOL CHINO-SOYA-AZUCAR-SAL-ARROZ;ALMUERZO;AMAZONAS-ANCASH-APURIMAC-AREQUIPA-AYACUCHO-CAJAMARCA-CALLAO-CUSCO-HUANCAVELICA-HUANUCO-ICA-JUNIN-LA LIBERTAD-LAMBAYEQUE-LIMA-LORETO-MADRE DE DIOS-MOQUEGUA-PASCO-PIURA-PUNO-SAN MARTIN-TACNA-TUMBES-UCAYALI
Combinado de res;4.5;3.8;24.8;RES-HUEVO-CEBOLLA CHINA-FIDEO-KION-HOLANTAO-FREJOL CHINO-SOYA-AZUCAR-SAL-ARROZ;ALMUERZO;AMAZONAS-ANCASH-APURIMAC-AREQUIPA-AYACUCHO-CAJAMARCA-CALLAO-CUSCO-HUANCAVELICA-HUANUCO-ICA-JUNIN-LA LIBERTAD-LAMBAYEQUE-LIMA-LORETO-MADRE DE DIOS-MOQUEGUA-PASCO-PIURA-PUNO-SAN MARTIN-TACNA-TUMBES-UCAYALI
Cordero a la norteña con frejoles y arroz;10.4;6.3;21.3;CORDERO-CEBOLLA-AJO-AZUCAR-MOSTAZA-TOMATE-LIMON-VINAGRE-PIMIENTA-COMINO-SAL-FREJOL CANARIO-ARROZ;ALMUERZO;AMAZONAS-ANCASH-APURIMAC-AREQUIPA-AYACUCHO-CAJAMARCA-CALLAO-CUSCO-HUANCAVELICA-HUANUCO-ICA-JUNIN-LA LIBERTAD-LAMBAYEQUE-LIMA-LORETO-MADRE DE DIOS-MOQUEGUA-PASCO-PIURA-PUNO-SAN MARTIN-TACNA-TUMBES-UCAYALI
Costillas barbiquiu con arroz y camote;6.5;8.2;22.5;COSTILLA DE CERDO-CEBOLLA-AJO-AZUCAR-MOSTAZA-TOMATE-LIMON-VINAGRE-PIMIENTA-COMINO-SAL-ARROZ-CAMOTE;ALMUERZO;AMAZONAS-ANCASH-APURIMAC-AREQUIPA-AYACUCHO-CAJAMARCA-CALLAO-CUSCO-HUANCAVELICA-HUANUCO-ICA-JUNIN-LA LIBERTAD-LAMBAYEQUE-LIMA-LORETO-MADRE DE DIOS-MOQUEGUA-PASCO-PIURA-PUNO-SAN MARTIN-TACNA-TUMBES-UCAYALI
Costillas con papa y arroz;8.3;5.7;20.3;COSTILLA DE CERDO-CEBOLLA-AJO-AZUCAR-MOSTAZA-TOMATE-LIMON-VINAGRE-PIMIENTA-COMINO-SAL-ARROZ-PAPA;ALMUERZO;AMAZONAS-ANCASH-APURIMAC-AREQUIPA-AYACUCHO-CAJAMARCA-CALLAO-CUSCO-HUANCAVELICA-HUANUCO-ICA-JUNIN-LA LIBERTAD-LAMBAYEQUE-LIMA-LORETO-MADRE DE DIOS-MOQUEGUA-PASCO-PIURA-PUNO-SAN MARTIN-TACNA-TUMBES-UCAYALI
Costillas norteño con frejoles y arroz;8;3.3;22.2;COSTILLA DE CERDO-CEBOLLA-AJO-AZUCAR-MOSTAZA-TOMATE-LIMON-VINAGRE-PIMIENTA-COMINO-SAL-FREJOL CANARIO-ARROZ;ALMUERZO;AMAZONAS-ANCASH-APURIMAC-AREQUIPA-AYACUCHO-CAJAMARCA-CALLAO-CUSCO-HUANCAVELICA-HUANUCO-ICA-JUNIN-LA LIBERTAD-LAMBAYEQUE-LIMA-LORETO-MADRE DE DIOS-MOQUEGUA-PASCO-PIURA-PUNO-SAN MARTIN-TACNA-TUMBES-UCAYALI
Crema de arveja;3.2;1;11.3;ARVEJA-CULANTRO-HUEVO-AJO-CEBOLLA-COMINO-PIMIENTO-TOCINO-LECHE ENTERA-SAL;CENA;AMAZONAS-ANCASH-APURIMAC-AREQUIPA-AYACUCHO-CAJAMARCA-CALLAO-CUSCO-HUANCAVELICA-HUANUCO-ICA-JUNIN-LA LIBERTAD-LAMBAYEQUE-LIMA-LORETO-MADRE DE DIOS-MOQUEGUA-PASCO-PIURA-PUNO-SAN MARTIN-TACNA-TUMBES-UCAYALI
Crema de ocopa;3.1;3.6;16.9;AJI ESPECIAL-CEBOLLA-AJO-HUACATAY-MANI-GALLETA-QUESO-LECHE-SAL;CENA;AMAZONAS-ANCASH-APURIMAC-AREQUIPA-AYACUCHO-CAJAMARCA-CALLAO-CUSCO-HUANCAVELICA-HUANUCO-ICA-JUNIN-LA LIBERTAD-LAMBAYEQUE-LIMA-LORETO-MADRE DE DIOS-MOQUEGUA-PASCO-PIURA-PUNO-SAN MARTIN-TACNA-TUMBES-UCAYALI
Crema de pimiento;4.4;4;13.9;PIMIENTO-CEBOLLA-AJO-HUACATAY-MANI-GALLETA-QUESO-LECHE-SAL;CENA;AMAZONAS-ANCASH-APURIMAC-AREQUIPA-AYACUCHO-CAJAMARCA-CALLAO-CUSCO-HUANCAVELICA-HUANUCO-ICA-JUNIN-LA LIBERTAD-LAMBAYEQUE-LIMA-LORETO-MADRE DE DIOS-MOQUEGUA-PASCO-PIURA-PUNO-SAN MARTIN-TACNA-TUMBES-UCAYALI
Crema de rocoto;3.1;6.3;15.9;ROCOTO-AJI ESPECIAL-CEBOLLA-AJO-HUACATAY-MANI-GALLETA-QUESO-LECHE-SAL;CENA;AMAZONAS-ANCASH-APURIMAC-AREQUIPA-AYACUCHO-CAJAMARCA-CALLAO-CUSCO-HUANCAVELICA-HUANUCO-ICA-JUNIN-LA LIBERTAD-LAMBAYEQUE-LIMA-LORETO-MADRE DE DIOS-MOQUEGUA-PASCO-PIURA-PUNO-SAN MARTIN-TACNA-TUMBES-UCAYALI
Crema de verdura;0.6;0.9;2;ESPINACA-QUESO-PAPA-ZANAHORIA-CEBOLLA-ACEITE DE OLIVA-APIO-SAL;CENA;AMAZONAS-ANCASH-APURIMAC-AREQUIPA-AYACUCHO-CAJAMARCA-CALLAO-CUSCO-HUANCAVELICA-HUANUCO-ICA-JUNIN-LA LIBERTAD-LAMBAYEQUE-LIMA-LORETO-MADRE DE DIOS-MOQUEGUA-PASCO-PIURA-PUNO-SAN MARTIN-TACNA-TUMBES-UCAYALI
Crema de zapallo;0.7;0.9;3.8;CEBOLLA-ZAPALLO-ZANAHORIA-PORO-PAPA-AJO-LECHE-SAL;CENA;AMAZONAS-ANCASH-APURIMAC-AREQUIPA-AYACUCHO-CAJAMARCA-CALLAO-CUSCO-HUANCAVELICA-HUANUCO-ICA-JUNIN-LA LIBERTAD-LAMBAYEQUE-LIMA-LORETO-MADRE DE DIOS-MOQUEGUA-PASCO-PIURA-PUNO-SAN MARTIN-TACNA-TUMBES-UCAYALI
Croquetas;4.2;11.6;15.3;LECHE ENTERA-MANTEQUILLA-HARINA-JAMON-HUEVO;DESAYUNO-CENA;AREQUIPA-CALLAO-CUSCO-ICA-LA LIBERTAD-LAMBAYEQUE-LIMA-PIURA-TACNA-TUMBES
Encebollado de hígado con frejoles y arroz;8.8;6.2;18.1;HIGADO-CEBOLLA-TOMATE-AJI AMARILLO-FREJOL-AJOS-ARROZ;ALMUERZO;AMAZONAS-ANCASH-APURIMAC-AREQUIPA-AYACUCHO-CAJAMARCA-CALLAO-CUSCO-HUANCAVELICA-HUANUCO-ICA-JUNIN-LA LIBERTAD-LAMBAYEQUE-LIMA-LORETO-MADRE DE DIOS-MOQUEGUA-PASCO-PIURA-PUNO-SAN MARTIN-TACNA-TUMBES-UCAYALI
Ensalada caprese;1.9;7.9;7.9;QUESO-TOMATE-ALBAHACA-ACEITE DE OLIVA-SAL;CENA;AREQUIPA-CALLAO-CUSCO-ICA-LA LIBERTAD-LAMBAYEQUE-LIMA-PIURA-TACNA-TUMBES
Ensalada cesar;4.7;4.8;4.6;POLLO-LECHUGA-ACEITUNA-LIMON-AJO-ACEITE DE OLIVA-HUEVO-QUESO-SAL;CENA;AREQUIPA-CALLAO-CUSCO-ICA-LA LIBERTAD-LAMBAYEQUE-LIMA-PIURA-TACNA-TUMBES
Ensalada de atún;3.9;1.3;14.6;ATUN-CEBOLLA-APIO-TOMATE-PIMIENTO-LIMON-ACEITE DE OLIVA-SAL;CENA;AMAZONAS-ANCASH-APURIMAC-AREQUIPA-AYACUCHO-CAJAMARCA-CALLAO-CUSCO-HUANCAVELICA-HUANUCO-ICA-JUNIN-LA LIBERTAD-LAMBAYEQUE-LIMA-LORETO-MADRE DE DIOS-MOQUEGUA-PASCO-PIURA-PUNO-SAN MARTIN-TACNA-TUMBES-UCAYALI
Ensalada de cocona;1.2;0.4;10.4;COCONA-LIMON-CEBOLLA-AJI CHARAPITA-CULANTRO-AJO-SAL-ACEITE DE OLIVA;CENA;AMAZONAS-ANCASH-APURIMAC-CALLAO-HUANCAVELICA-HUANUCO-JUNIN-LIMA-LORETO-MADRE DE DIOS-MOQUEGUA-PASCO-PUNO-SAN MARTIN-TACNA-TUMBES-UCAYALI
Ensalada de fideos;5.9;11.4;39.3;POLLO-FIDEO-ZANAHORIA-ARVEJA-VAINITA-PIMIENTO-MAYONESA-SAL-AJO-PEREJIL;CENA;AMAZONAS-ANCASH-APURIMAC-AREQUIPA-AYACUCHO-CAJAMARCA-CALLAO-CUSCO-HUANCAVELICA-HUANUCO-ICA-JUNIN-LA LIBERTAD-LAMBAYEQUE-LIMA-LORETO-MADRE DE DIOS-MOQUEGUA-PASCO-PIURA-PUNO-SAN MARTIN-TACNA-TUMBES-UCAYALI
Ensalada de lechuga;0.6;5.7;2.6;LECHUGA-ESPINACA-TOMATE-CEBOLLA-PEPINO-LIMON-ACEITE DE OLIVA-SAL;CENA;AMAZONAS-ANCASH-APURIMAC-AREQUIPA-AYACUCHO-CAJAMARCA-CALLAO-CUSCO-HUANCAVELICA-HUANUCO-ICA-JUNIN-LA LIBERTAD-LAMBAYEQUE-LIMA-LORETO-MADRE DE DIOS-MOQUEGUA-PASCO-PIURA-PUNO-SAN MARTIN-TACNA-TUMBES-UCAYALI
Ensalada de verduras;1.1;4.2;6;JAMON-PAPA-ZANAHORIA-PALTA-VAINITA-ACEITE DE OLIVA-ALBAHACA-SAL;CENA;AMAZONAS-ANCASH-APURIMAC-AREQUIPA-AYACUCHO-CAJAMARCA-CALLAO-CUSCO-HUANCAVELICA-HUANUCO-ICA-JUNIN-LA LIBERTAD-LAMBAYEQUE-LIMA-LORETO-MADRE DE DIOS-MOQUEGUA-PASCO-PIURA-PUNO-SAN MARTIN-TACNA-TUMBES-UCAYALI
Ensalada rusa;0.7;2.7;4.3;PAPA-ZANAHORIA-BETERRAGAS-ARVEJA-VAINITA-HUEVO-LIMON-MAYONESA-SAL-CULANTRO;CENA;AMAZONAS-ANCASH-APURIMAC-AREQUIPA-AYACUCHO-CAJAMARCA-CALLAO-CUSCO-HUANCAVELICA-HUANUCO-ICA-JUNIN-LA LIBERTAD-LAMBAYEQUE-LIMA-LORETO-MADRE DE DIOS-MOQUEGUA-PASCO-PIURA-PUNO-SAN MARTIN-TACNA-TUMBES-UCAYALI
Ensalada rusa con pollo a la brasa y arroz;8.8;3.4;19.7;POLLO-AJI PANCA-AJO-PAPA-ZANAHORIA-BETERRAGAS-ARVEJA-VAINITA-HUEVO-LIMON-MAYONESA-SAL-CULANTRO;ALMUERZO;AMAZONAS-ANCASH-APURIMAC-AREQUIPA-AYACUCHO-CAJAMARCA-CALLAO-CUSCO-HUANCAVELICA-HUANUCO-ICA-JUNIN-LA LIBERTAD-LAMBAYEQUE-LIMA-LORETO-MADRE DE DIOS-MOQUEGUA-PASCO-PIURA-PUNO-SAN MARTIN-TACNA-TUMBES-UCAYALI
Ensalada rusa con pollo al horno y arroz;7.1;3.3;16.1;POLLO-AJI PANCA-AJO-PAPA-ZANAHORIA-BETERRAGAS-ARVEJA-VAINITA-HUEVO-LIMON-MAYONESA-SAL-CULANTRO;ALMUERZO;AMAZONAS-ANCASH-APURIMAC-AREQUIPA-AYACUCHO-CAJAMARCA-CALLAO-CUSCO-HUANCAVELICA-HUANUCO-ICA-JUNIN-LA LIBERTAD-LAMBAYEQUE-LIMA-LORETO-MADRE DE DIOS-MOQUEGUA-PASCO-PIURA-PUNO-SAN MARTIN-TACNA-TUMBES-UCAYALI
Ensalada rusa con pollo broaster y arroz;8.8;4.9;19.2;POLLO-QUAKER-PAPA-ZANAHORIA-BETERRAGAS-ARVEJA-VAINITA-HUEVO-LIMON-MAYONESA-SAL-CULANTRO;ALMUERZO;AMAZONAS-ANCASH-APURIMAC-AREQUIPA-AYACUCHO-CAJAMARCA-CALLAO-CUSCO-HUANCAVELICA-HUANUCO-ICA-JUNIN-LA LIBERTAD-LAMBAYEQUE-LIMA-LORETO-MADRE DE DIOS-MOQUEGUA-PASCO-PIURA-PUNO-SAN MARTIN-TACNA-TUMBES-UCAYALI
Ensalada rusa con pollo frito y arroz;7.3;2.6;29.6;POLLO-PAPA-ZANAHORIA-BETERRAGAS-ARVEJA-VAINITA-HUEVO-LIMON-MAYONESA-SAL-CULANTRO-ARROZ;ALMUERZO;AMAZONAS-ANCASH-APURIMAC-AREQUIPA-AYACUCHO-CAJAMARCA-CALLAO-CUSCO-HUANCAVELICA-HUANUCO-ICA-JUNIN-LA LIBERTAD-LAMBAYEQUE-LIMA-LORETO-MADRE DE DIOS-MOQUEGUA-PASCO-PIURA-PUNO-SAN MARTIN-TACNA-TUMBES-UCAYALI
Escabeche de pescado con arroz;5.7;1.8;21.8;PESCADO-CEBOLLA-VINAGRE-AJI AMARILLO-ACEITUNA-HUEVO-SAL-ARROZ;ALMUERZO;ANCASH-APURIMAC-AYACUCHO-CAJAMARCA-CALLAO-CUSCO-HUANCAVELICA-HUANUCO-ICA-JUNIN-LA LIBERTAD-LAMBAYEQUE-LIMA-LORETO-TACNA-TUMBES
Escabeche de pollo con arroz;6.4;2.1;27.8;POLLO-CEBOLLA-VINAGRE-AJI AMARILLO-ACEITUNA-HUEVO-SAL-ARROZ;ALMUERZO;AMAZONAS-ANCASH-APURIMAC-AREQUIPA-AYACUCHO-CAJAMARCA-CALLAO-CUSCO-HUANCAVELICA-HUANUCO-ICA-JUNIN-LA LIBERTAD-LAMBAYEQUE-LIMA-LORETO-MADRE DE DIOS-MOQUEGUA-PASCO-PIURA-PUNO-SAN MARTIN-TACNA-TUMBES-UCAYALI
Espesado de res con arroz;6.8;2;41.8;RES-ZAPALLO-AJI AMARILLO-CULANTRO-CEBOLLA-CHOCLO-CAIGUA-AJI PANCA-AJI AMARILLO-SAL-ARROZ;ALMUERZO;AMAZONAS-ANCASH-APURIMAC-AREQUIPA-AYACUCHO-CAJAMARCA-CALLAO-CUSCO-HUANCAVELICA-HUANUCO-ICA-JUNIN-LA LIBERTAD-LAMBAYEQUE-LIMA-LORETO-MADRE DE DIOS-MOQUEGUA-PASCO-PIURA-PUNO-SAN MARTIN-TACNA-TUMBES-UCAYALI
Estofado de lengua con arroz;4.9;5.1;17.3;RES-AJI PANCA-SAL-TOMILLO-AJO-PAPA-ARROZ;ALMUERZO;AMAZONAS-ANCASH-APURIMAC-AREQUIPA-AYACUCHO-CAJAMARCA-CALLAO-CUSCO-HUANCAVELICA-HUANUCO-ICA-JUNIN-LA LIBERTAD-LAMBAYEQUE-LIMA-LORETO-MADRE DE DIOS-MOQUEGUA-PASCO-PIURA-PUNO-SAN MARTIN-TACNA-TUMBES-UCAYALI
Estofado de pavita con arroz y ensalada;5.5;3.1;21.2;PAVITA-ZANAHORIA-PAPA-ROMERO-ARROZ-LECHUGA-TOMATE;ALMUERZO;AMAZONAS-ANCASH-APURIMAC-AREQUIPA-AYACUCHO-CAJAMARCA-CALLAO-CUSCO-HUANCAVELICA-HUANUCO-ICA-JUNIN-LA LIBERTAD-LAMBAYEQUE-LIMA-LORETO-MADRE DE DIOS-MOQUEGUA-PASCO-PIURA-PUNO-SAN MARTIN-TACNA-TUMBES-UCAYALI
Estofado de pollo con arroz;8.9;1.6;17.2;POLLO-ZANAHORIA-PAPA-AJI PANCA-ARROZ;ALMUERZO;AMAZONAS-ANCASH-APURIMAC-AREQUIPA-AYACUCHO-CAJAMARCA-CALLAO-CUSCO-HUANCAVELICA-HUANUCO-ICA-JUNIN-LA LIBERTAD-LAMBAYEQUE-LIMA-LORETO-MADRE DE DIOS-MOQUEGUA-PASCO-PIURA-PUNO-SAN MARTIN-TACNA-TUMBES-UCAYALI
Estofado de pollo con arroz y ensalada;5.4;1.6;20.8;POLLO-ZANAHORIA-PAPA-AJI PANCA-ARROZ-LECHUGA-TOMATE;ALMUERZO;AMAZONAS-ANCASH-APURIMAC-AREQUIPA-AYACUCHO-CAJAMARCA-CALLAO-CUSCO-HUANCAVELICA-HUANUCO-ICA-JUNIN-LA LIBERTAD-LAMBAYEQUE-LIMA-LORETO-MADRE DE DIOS-MOQUEGUA-PASCO-PIURA-PUNO-SAN MARTIN-TACNA-TUMBES-UCAYALI
Estofado de pollo con menestra y arroz;7.4;2;24.5;POLLO-ZANAHORIA-PAPA-AJI PANCA-ARROZ-MENESTRA;ALMUERZO;AMAZONAS-ANCASH-APURIMAC-AREQUIPA-AYACUCHO-CAJAMARCA-CALLAO-CUSCO-HUANCAVELICA-HUANUCO-ICA-JUNIN-LA LIBERTAD-LAMBAYEQUE-LIMA-LORETO-MADRE DE DIOS-MOQUEGUA-PASCO-PIURA-PUNO-SAN MARTIN-TACNA-TUMBES-UCAYALI
Estofado de res con arroz;8.3;0.9;24;RES-ZANAHORIA-PAPA-AJI PANCA-ARROZ;ALMUERZO;AMAZONAS-ANCASH-APURIMAC-AREQUIPA-AYACUCHO-CAJAMARCA-CALLAO-CUSCO-HUANCAVELICA-HUANUCO-ICA-JUNIN-LA LIBERTAD-LAMBAYEQUE-LIMA-LORETO-MADRE DE DIOS-MOQUEGUA-PASCO-PIURA-PUNO-SAN MARTIN-TACNA-TUMBES-UCAYALI
Estofado de res con menestra y arroz;7.4;1.2;22.5;RES-ZANAHORIA-PAPA-AJI PANCA-ARROZ-MENESTRA;ALMUERZO;AMAZONAS-ANCASH-APURIMAC-AREQUIPA-AYACUCHO-CAJAMARCA-CALLAO-CUSCO-HUANCAVELICA-HUANUCO-ICA-JUNIN-LA LIBERTAD-LAMBAYEQUE-LIMA-LORETO-MADRE DE DIOS-MOQUEGUA-PASCO-PIURA-PUNO-SAN MARTIN-TACNA-TUMBES-UCAYALI
Fetuccini a lo alfredo;9.9;19.9;31.7;JAMON-FIDEO-MANTEQUILLA-QUESO-LECHE-PIMIENTA-SAL;ALMUERZO;AMAZONAS-ANCASH-APURIMAC-AREQUIPA-AYACUCHO-CAJAMARCA-CALLAO-CUSCO-HUANCAVELICA-HUANUCO-ICA-JUNIN-LA LIBERTAD-LAMBAYEQUE-LIMA-LORETO-MADRE DE DIOS-MOQUEGUA-PASCO-PIURA-PUNO-SAN MARTIN-TACNA-TUMBES-UCAYALI
Filete de pescado con arroz;5.8;11.5;20.6;PESCADO-SAL-AJO-ARROZ;ALMUERZO;ANCASH-APURIMAC-AYACUCHO-CAJAMARCA-CALLAO-CUSCO-HUANCAVELICA-HUANUCO-ICA-JUNIN-LA LIBERTAD-LAMBAYEQUE-LIMA-LORETO-TACNA-TUMBES
Filete de pescado con menestra y arroz;8;4;24.4;PESCADO-SAL-AJO-MENESTRA-ARROZ;ALMUERZO;ANCASH-APURIMAC-AYACUCHO-CAJAMARCA-CALLAO-CUSCO-HUANCAVELICA-HUANUCO-ICA-JUNIN-LA LIBERTAD-LAMBAYEQUE-LIMA-LORETO-TACNA-TUMBES
Filete de pescado con papas fritas.  sarsa criolla y arroz;5.5;1.3;25.6;PESCADO-SAL-AJO-PAPA-CEBOLLA-LIMON-ARROZ;ALMUERZO;ANCASH-APURIMAC-AYACUCHO-CAJAMARCA-CALLAO-CUSCO-HUANCAVELICA-HUANUCO-ICA-JUNIN-LA LIBERTAD-LAMBAYEQUE-LIMA-LORETO-TACNA-TUMBES
Filete de pescado en salsa de mariscos;6.4;0.8;25.5;PESCADO-MARISCOS-NARANJA-SAL-AJO-PAPA-CEBOLLA-LIMON-ARROZ;ALMUERZO;AREQUIPA-CALLAO-CUSCO-ICA-LA LIBERTAD-LAMBAYEQUE-LIMA-PIURA-TACNA-TUMBES
Filete de pollo a la parrilla. ensalada y arroz;8.1;2.4;26.1;POLLO-SAL-AJO-PAPA-CEBOLLA-TOMATE-ZANAHORIA-LECHUGA-LIMON-ARROZ;ALMUERZO;AMAZONAS-ANCASH-APURIMAC-AREQUIPA-AYACUCHO-CAJAMARCA-CALLAO-CUSCO-HUANCAVELICA-HUANUCO-ICA-JUNIN-LA LIBERTAD-LAMBAYEQUE-LIMA-LORETO-MADRE DE DIOS-MOQUEGUA-PASCO-PIURA-PUNO-SAN MARTIN-TACNA-TUMBES-UCAYALI
Filete de pollo con papas fritas y arroz;7.2;2.9;16.4;POLLO-SAL-AJO-PAPA-CEBOLLA-PAPA-ARROZ;ALMUERZO;AMAZONAS-ANCASH-APURIMAC-AREQUIPA-AYACUCHO-CAJAMARCA-CALLAO-CUSCO-HUANCAVELICA-HUANUCO-ICA-JUNIN-LA LIBERTAD-LAMBAYEQUE-LIMA-LORETO-MADRE DE DIOS-MOQUEGUA-PASCO-PIURA-PUNO-SAN MARTIN-TACNA-TUMBES-UCAYALI
Filete de pollo con papas fritas. ensalada y arroz;6.1;5.9;14.7;POLLO-SAL-AJO-PAPA-CEBOLLA-TOMATE-ZANAHORIA-LECHUGA-LIMON-ARROZ;ALMUERZO;AMAZONAS-ANCASH-APURIMAC-AREQUIPA-AYACUCHO-CAJAMARCA-CALLAO-CUSCO-HUANCAVELICA-HUANUCO-ICA-JUNIN-LA LIBERTAD-LAMBAYEQUE-LIMA-LORETO-MADRE DE DIOS-MOQUEGUA-PASCO-PIURA-PUNO-SAN MARTIN-TACNA-TUMBES-UCAYALI
Flauta rellena;13.3;3.2;12.5;POLLO-CEBOLLA-TOMATE-CULANTRO-TORTILLA DE HARINA-PALTA-AJO-PIMIENTO-PIMIENTA-COMINO-PAPRIKA-ACEITE DE OLIVA-SAL;DESAYUNO-CENA;AMAZONAS-ANCASH-APURIMAC-AREQUIPA-AYACUCHO-CAJAMARCA-CALLAO-CUSCO-HUANCAVELICA-HUANUCO-ICA-JUNIN-LA LIBERTAD-LAMBAYEQUE-LIMA-LORETO-MADRE DE DIOS-MOQUEGUA-PASCO-PIURA-PUNO-SAN MARTIN-TACNA-TUMBES-UCAYALI
Frejoles con asado de carne y arroz;6.1;2.3;18.4;RES-AJI PANCA-AJO-SAL-FREJOL CANARIO-ARROZ;ALMUERZO;AMAZONAS-ANCASH-APURIMAC-AREQUIPA-AYACUCHO-CAJAMARCA-CALLAO-CUSCO-HUANCAVELICA-HUANUCO-ICA-JUNIN-LA LIBERTAD-LAMBAYEQUE-LIMA-LORETO-MADRE DE DIOS-MOQUEGUA-PASCO-PIURA-PUNO-SAN MARTIN-TACNA-TUMBES-UCAYALI
Frejoles con bisteck y arroz;9.4;0.9;25.6;RES-AJI PANCA-AJO-SAL-FREJOL CANARIO-ARROZ;ALMUERZO;AMAZONAS-ANCASH-APURIMAC-AREQUIPA-AYACUCHO-CAJAMARCA-CALLAO-CUSCO-HUANCAVELICA-HUANUCO-ICA-JUNIN-LA LIBERTAD-LAMBAYEQUE-LIMA-LORETO-MADRE DE DIOS-MOQUEGUA-PASCO-PIURA-PUNO-SAN MARTIN-TACNA-TUMBES-UCAYALI
Frejoles con cabrito a la norteña y arroz;9.1;5.6;18.8;CABRITO-AJI PANCA-AJO-SAL-FREJOL CANARIO-ARROZ;ALMUERZO;AMAZONAS-ANCASH-APURIMAC-AREQUIPA-AYACUCHO-CAJAMARCA-CALLAO-CUSCO-HUANCAVELICA-HUANUCO-ICA-JUNIN-LA LIBERTAD-LAMBAYEQUE-LIMA-LORETO-MADRE DE DIOS-MOQUEGUA-PASCO-PIURA-PUNO-SAN MARTIN-TACNA-TUMBES-UCAYALI
Frejoles con pescado con ensalada y arroz;4;16.3;23.8;PESCADO-AJO-SAL-FREJOL CANARIO-ARROZ-CEBOLLA-TOMATE;ALMUERZO;ANCASH-APURIMAC-AYACUCHO-CAJAMARCA-CALLAO-CUSCO-HUANCAVELICA-HUANUCO-ICA-JUNIN-LA LIBERTAD-LAMBAYEQUE-LIMA-LORETO-TACNA-TUMBES
Frejoles con pescado y arroz;7.1;4.5;22.9;PESCADO-AJO-SAL-FREJOL CANARIO-ARROZ;ALMUERZO;ANCASH-APURIMAC-AYACUCHO-CAJAMARCA-CALLAO-CUSCO-HUANCAVELICA-HUANUCO-ICA-JUNIN-LA LIBERTAD-LAMBAYEQUE-LIMA-LORETO-TACNA-TUMBES
Frejoles con pollo a la norteña y arroz;7;1.9;17.5;POLLO-AJI PANCA-AJO-SAL-FREJOL CANARIO-ARROZ;ALMUERZO;AMAZONAS-ANCASH-APURIMAC-AREQUIPA-AYACUCHO-CAJAMARCA-CALLAO-CUSCO-HUANCAVELICA-HUANUCO-ICA-JUNIN-LA LIBERTAD-LAMBAYEQUE-LIMA-LORETO-MADRE DE DIOS-MOQUEGUA-PASCO-PIURA-PUNO-SAN MARTIN-TACNA-TUMBES-UCAYALI
Frejoles con pollo al vino;4.1;2.2;30.9;POLLO-VINO-AJI PANCA-AJO-SAL-FREJOL CANARIO-ARROZ;ALMUERZO;AMAZONAS-ANCASH-APURIMAC-AREQUIPA-AYACUCHO-CAJAMARCA-CALLAO-CUSCO-HUANCAVELICA-HUANUCO-ICA-JUNIN-LA LIBERTAD-LAMBAYEQUE-LIMA-LORETO-MADRE DE DIOS-MOQUEGUA-PASCO-PIURA-PUNO-SAN MARTIN-TACNA-TUMBES-UCAYALI
Frejoles con seco a la norteña y arroz;7.7;1;25.5;RES-AJI PANCA-CHICHA DE JORA-AJO-SAL-FREJOL CANARIO-ARROZ;ALMUERZO;AMAZONAS-ANCASH-APURIMAC-AREQUIPA-AYACUCHO-CAJAMARCA-CALLAO-CUSCO-HUANCAVELICA-HUANUCO-ICA-JUNIN-LA LIBERTAD-LAMBAYEQUE-LIMA-LORETO-MADRE DE DIOS-MOQUEGUA-PASCO-PIURA-PUNO-SAN MARTIN-TACNA-TUMBES-UCAYALI
Frejoles con seco y arroz;7.9;2.8;23.6;RES-AJI PANCA-AJO-SAL-FREJOL CANARIO-ARROZ;ALMUERZO;AMAZONAS-ANCASH-APURIMAC-AREQUIPA-AYACUCHO-CAJAMARCA-CALLAO-CUSCO-HUANCAVELICA-HUANUCO-ICA-JUNIN-LA LIBERTAD-LAMBAYEQUE-LIMA-LORETO-MADRE DE DIOS-MOQUEGUA-PASCO-PIURA-PUNO-SAN MARTIN-TACNA-TUMBES-UCAYALI
Frejoles con seco ensalada y arroz;7.6;3.9;17.7;RES-AJI PANCA-AJO-SAL-FREJOL CANARIO-ARROZ-CEBOLLA-TOMATE;ALMUERZO;AMAZONAS-ANCASH-APURIMAC-AREQUIPA-AYACUCHO-CAJAMARCA-CALLAO-CUSCO-HUANCAVELICA-HUANUCO-ICA-JUNIN-LA LIBERTAD-LAMBAYEQUE-LIMA-LORETO-MADRE DE DIOS-MOQUEGUA-PASCO-PIURA-PUNO-SAN MARTIN-TACNA-TUMBES-UCAYALI
Garbanzo con arroz y chuleta frita;8.3;3.8;31.3;CHULETA-AJO-SAL-GARBANZO-ARROZ;ALMUERZO;AMAZONAS-ANCASH-APURIMAC-AREQUIPA-AYACUCHO-CAJAMARCA-CALLAO-CUSCO-HUANCAVELICA-HUANUCO-ICA-JUNIN-LA LIBERTAD-LAMBAYEQUE-LIMA-LORETO-MADRE DE DIOS-MOQUEGUA-PASCO-PIURA-PUNO-SAN MARTIN-TACNA-TUMBES-UCAYALI
Garbanzo con chuleta y arroz;6.9;4.6;26.3;CHULETA-AJO-SAL-GARBANZO-ARROZ;ALMUERZO;AMAZONAS-ANCASH-APURIMAC-AREQUIPA-AYACUCHO-CAJAMARCA-CALLAO-CUSCO-HUANCAVELICA-HUANUCO-ICA-JUNIN-LA LIBERTAD-LAMBAYEQUE-LIMA-LORETO-MADRE DE DIOS-MOQUEGUA-PASCO-PIURA-PUNO-SAN MARTIN-TACNA-TUMBES-UCAYALI
Garbanzo con churrasco.  ensalada y arroz;6;3.3;22.4;CHURRASCO-AJO-SAL-GARBANZO-ARROZ-LECHUGA-ZANAHORIA-LIMON;ALMUERZO;AMAZONAS-ANCASH-APURIMAC-AREQUIPA-AYACUCHO-CAJAMARCA-CALLAO-CUSCO-HUANCAVELICA-HUANUCO-ICA-JUNIN-LA LIBERTAD-LAMBAYEQUE-LIMA-LORETO-MADRE DE DIOS-MOQUEGUA-PASCO-PIURA-PUNO-SAN MARTIN-TACNA-TUMBES-UCAYALI
Garbanzo con pescado y arroz;7.2;3.5;21.1;PESCADO-AJO-SAL-GARBANZO-ARROZ;ALMUERZO;ANCASH-APURIMAC-AYACUCHO-CAJAMARCA-CALLAO-CUSCO-HUANCAVELICA-HUANUCO-ICA-JUNIN-LA LIBERTAD-LAMBAYEQUE-LIMA-LORETO-TACNA-TUMBES
Garbanzo con pollo y arroz;5.8;3.5;18.9;POLLO-AJO-SAL-GARBANZO-ARROZ;ALMUERZO;AMAZONAS-ANCASH-APURIMAC-AREQUIPA-AYACUCHO-CAJAMARCA-CALLAO-CUSCO-HUANCAVELICA-HUANUCO-ICA-JUNIN-LA LIBERTAD-LAMBAYEQUE-LIMA-LORETO-MADRE DE DIOS-MOQUEGUA-PASCO-PIURA-PUNO-SAN MARTIN-TACNA-TUMBES-UCAYALI
Guiso de caigua con arroz;6.7;2;22.3;CAIGUA-PAPA-AJI ESPECIAL-AJO-SAL-ARROZ;ALMUERZO;ANCASH-AREQUIPA-AYACUCHO-CAJAMARCA-CALLAO-CUSCO-HUANCAVELICA-HUANUCO-ICA-JUNIN-LA LIBERTAD-LAMBAYEQUE-LIMA-PASCO-PIURA-PUNO-TACNA-TUMBES-UCAYALI
Guiso de habas con churrasco y arroz;5.2;1.2;34.4;CHURRASCO-HABAS-AJO-AJI PANCA-SAL-ARROZ;ALMUERZO;ANCASH-AREQUIPA-AYACUCHO-CAJAMARCA-CALLAO-CUSCO-HUANCAVELICA-HUANUCO-ICA-JUNIN-LA LIBERTAD-LAMBAYEQUE-LIMA-PASCO-PIURA-PUNO-TACNA-TUMBES-UCAYALI
Guiso de quinua con pescado y arroz;4.8;8.2;22.6;PESCADO-QUINUA-AJO-AJI PANCA-SAL-ARROZ;ALMUERZO;ANCASH-APURIMAC-AYACUCHO-CAJAMARCA-CALLAO-CUSCO-HUANCAVELICA-HUANUCO-ICA-JUNIN-LA LIBERTAD-LAMBAYEQUE-LIMA-LORETO-TACNA-TUMBES
Guiso de trigo con lomo de socona y arroz;2.5;1;14.8;RES-TRIGO-AJO-AJI PANCA-SAL-ARROZ;ALMUERZO;ANCASH-AREQUIPA-AYACUCHO-CAJAMARCA-CALLAO-CUSCO-HUANCAVELICA-HUANUCO-ICA-JUNIN-LA LIBERTAD-LAMBAYEQUE-LIMA-PASCO-PIURA-PUNO-TACNA-TUMBES-UCAYALI
Guiso de trigo con pollo y arroz;6.4;1.9;15.8;POLLO-TRIGO-AJO-AJI PANCA-SAL-ARROZ;ALMUERZO;ANCASH-AREQUIPA-AYACUCHO-CAJAMARCA-CALLAO-CUSCO-HUANCAVELICA-HUANUCO-ICA-JUNIN-LA LIBERTAD-LAMBAYEQUE-LIMA-PASCO-PIURA-PUNO-TACNA-TUMBES-UCAYALI
Guiso de vainita con pollo y arroz;4.3;0.7;18.8;POLLO-VAINITA-AJO-AJI PANCA-SAL-ARROZ;ALMUERZO;ANCASH-AREQUIPA-AYACUCHO-CAJAMARCA-CALLAO-CUSCO-HUANCAVELICA-HUANUCO-ICA-JUNIN-LA LIBERTAD-LAMBAYEQUE-LIMA-PASCO-PIURA-PUNO-TACNA-TUMBES-UCAYALI
Hígado encebollado con arroz;3.9;1.7;20.5;HIGADO-CEBOLLA-AJI AMARILLO-AJO-SAL-ARROZ;ALMUERZO;AMAZONAS-ANCASH-APURIMAC-AREQUIPA-AYACUCHO-CAJAMARCA-CALLAO-CUSCO-HUANCAVELICA-HUANUCO-ICA-JUNIN-LA LIBERTAD-LAMBAYEQUE-LIMA-LORETO-MADRE DE DIOS-MOQUEGUA-PASCO-PIURA-PUNO-SAN MARTIN-TACNA-TUMBES-UCAYALI
Hígado frito con arroz;5.4;5.1;26.4;HIGADO-CEBOLLA-AJI AMARILLO-AJO-SAL-ARROZ;ALMUERZO;AMAZONAS-ANCASH-APURIMAC-AREQUIPA-AYACUCHO-CAJAMARCA-CALLAO-CUSCO-HUANCAVELICA-HUANUCO-ICA-JUNIN-LA LIBERTAD-LAMBAYEQUE-LIMA-LORETO-MADRE DE DIOS-MOQUEGUA-PASCO-PIURA-PUNO-SAN MARTIN-TACNA-TUMBES-UCAYALI
Huevitos en salsa golf;0.9;7.5;4.4;HUEVO-MOSTAZA-LIMON-KETCHUP-PAPA-ARVEJA-ZANAHORIA-TOMATE-LECHUGA-SAL-PIMIENTA-ACEITE DE OLIVA;CENA;CALLAO-CUSCO-ICA-LA LIBERTAD-LAMBAYEQUE-LIMA-PIURA
Huevo a la rusa;3;3.6;12.4;HUEVO-PAPA-ARVEJA-ZANAHORIA-TOMATE-LECHUGA-SAL-PIMIENTA-ACEITE DE OLIVA;CENA;CALLAO-CUSCO-ICA-LA LIBERTAD-LAMBAYEQUE-LIMA-PIURA
Hummus;7;3.9;38;GARBANZO-PIMIENTA-COMINO-AJO-CULANTRO-LIMON-SAL;CENA;AMAZONAS-ANCASH-APURIMAC-AREQUIPA-AYACUCHO-CAJAMARCA-CALLAO-CUSCO-HUANCAVELICA-HUANUCO-ICA-JUNIN-LA LIBERTAD-LAMBAYEQUE-LIMA-LORETO-MADRE DE DIOS-MOQUEGUA-PASCO-PIURA-PUNO-SAN MARTIN-TACNA-TUMBES-UCAYALI
Jalea con yuca frita;10.4;13.3;12.3;PESCADO-AJO-LIMON-HARINA-HUEVO-YUCA-SAL;ALMUERZO;CALLAO-CUSCO-ICA-LA LIBERTAD-LAMBAYEQUE-LIMA-PIURA
Jalea de pescado con arroz;3.7;0.4;8.1;PESCADO-AJO-LIMON-HARINA-HUEVO-ARROZ-SAL;ALMUERZO;ANCASH-APURIMAC-AYACUCHO-CAJAMARCA-CALLAO-CUSCO-HUANCAVELICA-HUANUCO-ICA-JUNIN-LA LIBERTAD-LAMBAYEQUE-LIMA-LORETO-TACNA-TUMBES
Jalea de pescado con yuca frita;6.2;4.5;28.2;PESCADO-AJO-LIMON-HARINA-HUEVO-YUCA-SAL;ALMUERZO;ANCASH-APURIMAC-AYACUCHO-CAJAMARCA-CALLAO-CUSCO-HUANCAVELICA-HUANUCO-ICA-JUNIN-LA LIBERTAD-LAMBAYEQUE-LIMA-LORETO-TACNA-TUMBES
Jalea mixta;9.5;9.3;14.4;PESCADO-POTA-CEBOLLA-AJO-LIMON-HARINA-HUEVO-SAL;ALMUERZO;CALLAO-CUSCO-ICA-LA LIBERTAD-LAMBAYEQUE-LIMA-PIURA
Jalea mixta con yuca frita;8.3;16.3;15.9;PESCADO-POTA-CEBOLLA-AJO-LIMON-HARINA-HUEVO-YUCA-SAL;ALMUERZO;CALLAO-CUSCO-ICA-LA LIBERTAD-LAMBAYEQUE-LIMA-PIURA
Kam lu wantán con arroz chaufa;5.4;0.9;15.9;POLLO-LANGOSTINO-HOLANTAO-PIÑA-PIMIENTO-AJO-TAMARINDO-ARROZ-SILLAO-HUEVO-CEBOLLA CHINA-SAL;ALMUERZO;AREQUIPA-CAJAMARCA-CALLAO-CUSCO-ICA-LA LIBERTAD-LAMBAYEQUE-LIMA-PIURA
Lasagna de res;10.6;8.2;35.5;CARNE MOLIDA-AJO-CEBOLLA-TOMATE-LAUREL-FIDEO-QUESO-SAL;ALMUERZO;AREQUIPA-CAJAMARCA-CALLAO-CUSCO-ICA-LA LIBERTAD-LAMBAYEQUE-LIMA-PIURA
Lenteja con adobo y arroz;7.5;0.3;23.7;RES-AJI PANCA-PIMIENTA-LENTEJA-AJO-SAL-ARROZ;ALMUERZO;AMAZONAS-ANCASH-APURIMAC-AREQUIPA-AYACUCHO-CAJAMARCA-CALLAO-CUSCO-HUANCAVELICA-HUANUCO-ICA-JUNIN-LA LIBERTAD-LAMBAYEQUE-LIMA-LORETO-MADRE DE DIOS-MOQUEGUA-PASCO-PIURA-PUNO-SAN MARTIN-TACNA-TUMBES-UCAYALI
Lenteja con bisteck y arroz;9.9;1.2;33.1;RES-AJI PANCA-PIMIENTA-LENTEJA-AJO-SAL-ARROZ;ALMUERZO;AMAZONAS-ANCASH-APURIMAC-AREQUIPA-AYACUCHO-CAJAMARCA-CALLAO-CUSCO-HUANCAVELICA-HUANUCO-ICA-JUNIN-LA LIBERTAD-LAMBAYEQUE-LIMA-LORETO-MADRE DE DIOS-MOQUEGUA-PASCO-PIURA-PUNO-SAN MARTIN-TACNA-TUMBES-UCAYALI
Lenteja con chuleta y arroz;7.1;3.7;25.1;CERDO-AJI PANCA-PIMIENTA-LENTEJA-AJO-SAL-ARROZ;ALMUERZO;AMAZONAS-ANCASH-APURIMAC-AREQUIPA-AYACUCHO-CAJAMARCA-CALLAO-CUSCO-HUANCAVELICA-HUANUCO-ICA-JUNIN-LA LIBERTAD-LAMBAYEQUE-LIMA-LORETO-MADRE DE DIOS-MOQUEGUA-PASCO-PIURA-PUNO-SAN MARTIN-TACNA-TUMBES-UCAYALI
Lenteja con estofado y arroz;7.4;1.3;22.3;POLLO-AJI PANCA-PIMIENTA-LENTEJA-AJO-SAL-ARROZ;ALMUERZO;AMAZONAS-ANCASH-APURIMAC-AREQUIPA-AYACUCHO-CAJAMARCA-CALLAO-CUSCO-HUANCAVELICA-HUANUCO-ICA-JUNIN-LA LIBERTAD-LAMBAYEQUE-LIMA-LORETO-MADRE DE DIOS-MOQUEGUA-PASCO-PIURA-PUNO-SAN MARTIN-TACNA-TUMBES-UCAYALI
Lenteja con filete de pechuga y arroz;8.2;1.1;21.8;POLLO-AJI PANCA-PIMIENTA-LENTEJA-AJO-SAL-ARROZ;ALMUERZO;AMAZONAS-ANCASH-APURIMAC-AREQUIPA-AYACUCHO-CAJAMARCA-CALLAO-CUSCO-HUANCAVELICA-HUANUCO-ICA-JUNIN-LA LIBERTAD-LAMBAYEQUE-LIMA-LORETO-MADRE DE DIOS-MOQUEGUA-PASCO-PIURA-PUNO-SAN MARTIN-TACNA-TUMBES-UCAYALI
Lenteja con hígado y arroz;8.8;2.4;30.5;HIGADO-AJI PANCA-PIMIENTA-LENTEJA-AJO-SAL-ARROZ;ALMUERZO;AMAZONAS-ANCASH-APURIMAC-AREQUIPA-AYACUCHO-CAJAMARCA-CALLAO-CUSCO-HUANCAVELICA-HUANUCO-ICA-JUNIN-LA LIBERTAD-LAMBAYEQUE-LIMA-LORETO-MADRE DE DIOS-MOQUEGUA-PASCO-PIURA-PUNO-SAN MARTIN-TACNA-TUMBES-UCAYALI
Lenteja con lomito y arroz;7.2;1.5;23.5;RES-CEBOLLA-TOMATE-AJI PANCA-PIMIENTA-LENTEJA-AJO-SAL-ARROZ;ALMUERZO;AMAZONAS-ANCASH-APURIMAC-AREQUIPA-AYACUCHO-CAJAMARCA-CALLAO-CUSCO-HUANCAVELICA-HUANUCO-ICA-JUNIN-LA LIBERTAD-LAMBAYEQUE-LIMA-LORETO-MADRE DE DIOS-MOQUEGUA-PASCO-PIURA-PUNO-SAN MARTIN-TACNA-TUMBES-UCAYALI
Lenteja con milanesa y arroz;10.7;1.9;23;POLLO-HUEVO-QUAKER-PIMIENTA-LENTEJA-AJO-SAL-ARROZ;ALMUERZO;AMAZONAS-ANCASH-APURIMAC-AREQUIPA-AYACUCHO-CAJAMARCA-CALLAO-CUSCO-HUANCAVELICA-HUANUCO-ICA-JUNIN-LA LIBERTAD-LAMBAYEQUE-LIMA-LORETO-MADRE DE DIOS-MOQUEGUA-PASCO-PIURA-PUNO-SAN MARTIN-TACNA-TUMBES-UCAYALI
Lenteja con pescado y arroz;7.2;4.1;22.7;PESCADO-PIMIENTA-LENTEJA-AJO-SAL-ARROZ;ALMUERZO;ANCASH-APURIMAC-AYACUCHO-CAJAMARCA-CALLAO-CUSCO-HUANCAVELICA-HUANUCO-ICA-JUNIN-LA LIBERTAD-LAMBAYEQUE-LIMA-LORETO-TACNA-TUMBES
Locro con hígado frito y arroz;3.1;5.6;18.2;HIGADO-ZAPALLO-CHOCLO-ARVEJA-AJO-PAPA-ARROZ-SAL;ALMUERZO;AMAZONAS-ANCASH-APURIMAC-AREQUIPA-AYACUCHO-CAJAMARCA-CALLAO-CUSCO-HUANCAVELICA-HUANUCO-ICA-JUNIN-LA LIBERTAD-LAMBAYEQUE-LIMA-LORETO-MADRE DE DIOS-MOQUEGUA-PASCO-PIURA-PUNO-SAN MARTIN-TACNA-TUMBES-UCAYALI
Locro de zapallo con bisteck y arroz;3.1;4.1;17.3;BISTECK-ZAPALLO-CHOCLO-ARVEJA-AJO-PAPA-ARROZ-SAL;ALMUERZO;AMAZONAS-ANCASH-APURIMAC-AREQUIPA-AYACUCHO-CAJAMARCA-CALLAO-CUSCO-HUANCAVELICA-HUANUCO-ICA-JUNIN-LA LIBERTAD-LAMBAYEQUE-LIMA-LORETO-MADRE DE DIOS-MOQUEGUA-PASCO-PIURA-PUNO-SAN MARTIN-TACNA-TUMBES-UCAYALI
Locro de zapallo con filete de pollo y arroz;6.1;4.2;20.4;POLLO-ZAPALLO-CHOCLO-ARVEJA-AJO-PAPA-ARROZ-SAL;ALMUERZO;AMAZONAS-ANCASH-APURIMAC-AREQUIPA-AYACUCHO-CAJAMARCA-CALLAO-CUSCO-HUANCAVELICA-HUANUCO-ICA-JUNIN-LA LIBERTAD-LAMBAYEQUE-LIMA-LORETO-MADRE DE DIOS-MOQUEGUA-PASCO-PIURA-PUNO-SAN MARTIN-TACNA-TUMBES-UCAYALI
Lomito de atún con arroz;4.3;2.2;29.9;ATUN-PAPA-CEBOLLA-TOMATE-ARROZ-SAL;ALMUERZO;AMAZONAS-ANCASH-APURIMAC-AREQUIPA-AYACUCHO-CAJAMARCA-CALLAO-CUSCO-HUANCAVELICA-HUANUCO-ICA-JUNIN-LA LIBERTAD-LAMBAYEQUE-LIMA-LORETO-MADRE DE DIOS-MOQUEGUA-PASCO-PIURA-PUNO-SAN MARTIN-TACNA-TUMBES-UCAYALI
Lomo a lo strogonof y arroz;9.3;1.9;22.9;RES-AJO-CEBOLLA-CHAMPIÑON-LECHE-MOSTAZA-FIDEOS-PAPRIKA-SAL;ALMUERZO;AREQUIPA-CAJAMARCA-CALLAO-CUSCO-ICA-LA LIBERTAD-LAMBAYEQUE-LIMA-PIURA
Lomo al jugo con menestra y arroz;6.2;1.3;23.7;RES-AJO-CEBOLLA-TOMATE-PAPA-AJI AMARILLO-NARANJA-CULANTRO-SAL-ARROZ-MENESTRA;ALMUERZO;AMAZONAS-ANCASH-APURIMAC-AREQUIPA-AYACUCHO-CAJAMARCA-CALLAO-CUSCO-HUANCAVELICA-HUANUCO-ICA-JUNIN-LA LIBERTAD-LAMBAYEQUE-LIMA-LORETO-MADRE DE DIOS-MOQUEGUA-PASCO-PIURA-PUNO-SAN MARTIN-TACNA-TUMBES-UCAYALI
Lomo saltado con arroz;5.3;7.3;18.6;RES-AJO-CEBOLLA-TOMATE-PAPA-AJI AMARILLO-CULANTRO-SAL-ARROZ;ALMUERZO;AMAZONAS-ANCASH-APURIMAC-AREQUIPA-AYACUCHO-CAJAMARCA-CALLAO-CUSCO-HUANCAVELICA-HUANUCO-ICA-JUNIN-LA LIBERTAD-LAMBAYEQUE-LIMA-LORETO-MADRE DE DIOS-MOQUEGUA-PASCO-PIURA-PUNO-SAN MARTIN-TACNA-TUMBES-UCAYALI
Lomo saltado con menestra y arroz;6;4.6;23.4;RES-AJO-CEBOLLA-TOMATE-PAPA-AJI AMARILLO-CULANTRO-SAL-ARROZ-MENESTRA;ALMUERZO;AMAZONAS-ANCASH-APURIMAC-AREQUIPA-AYACUCHO-CAJAMARCA-CALLAO-CUSCO-HUANCAVELICA-HUANUCO-ICA-JUNIN-LA LIBERTAD-LAMBAYEQUE-LIMA-LORETO-MADRE DE DIOS-MOQUEGUA-PASCO-PIURA-PUNO-SAN MARTIN-TACNA-TUMBES-UCAYALI
Macarrones con pollo;8.2;4.3;23;POLLO-FIDEOS-TOMATE-CEBOLLA-PEREJIL-OREGANO-ZANAHORIA-AJO-SAL;ALMUERZO;AREQUIPA-CAJAMARCA-CALLAO-CUSCO-ICA-LA LIBERTAD-LAMBAYEQUE-LIMA-PIURA
Macarrones con res;6.4;2.3;33.7;RES-FIDEOS-TOMATE-CEBOLLA-PEREJIL-OREGANO-ZANAHORIA-AJO-SAL;ALMUERZO;AREQUIPA-CAJAMARCA-CALLAO-CUSCO-ICA-LA LIBERTAD-LAMBAYEQUE-LIMA-PIURA
Malaya dorada con arroz;6.6;0.9;28.9;MALAYA-AJI PANCA-ACHIOTE-VINAGRE-ARROZ-SAL-PIMIENTA;ALMUERZO;ANCASH-APURIMAC-AREQUIPA-AYACUCHO-CAJAMARCA-CALLAO-CUSCO-HUANCAVELICA-HUANUCO-JUNIN-LA LIBERTAD-LAMBAYEQUE-LIMA-PASCO-PIURA-PUNO-TUMBES
Menestrón con pollo;0.8;0.3;3.9;POLLO-ARVEJA-ZANAHORIA-VAINITA-COL-CHOCLO-PAPA-FIDEO-QUESO-ALBAHACA-SAL;ALMUERZO;ANCASH-APURIMAC-AREQUIPA-AYACUCHO-CAJAMARCA-CALLAO-CUSCO-HUANCAVELICA-HUANUCO-JUNIN-LA LIBERTAD-LAMBAYEQUE-LIMA-PASCO-PIURA-PUNO-TUMBES
Menestrón con res;2.5;0.4;9.5;RES-ARVEJA-ZANAHORIA-VAINITA-COL-CHOCLO-PAPA-FIDEO-QUESO-ALBAHACA-SAL;ALMUERZO;ANCASH-APURIMAC-AREQUIPA-AYACUCHO-CAJAMARCA-CALLAO-CUSCO-HUANCAVELICA-HUANUCO-JUNIN-LA LIBERTAD-LAMBAYEQUE-LIMA-PASCO-PIURA-PUNO-TUMBES
Milanesa con arroz;5.4;7.3;21.8;POLLO-QUAKER-HUEVO-SAL-ARROZ;ALMUERZO;AMAZONAS-ANCASH-APURIMAC-AREQUIPA-AYACUCHO-CAJAMARCA-CALLAO-CUSCO-HUANCAVELICA-HUANUCO-ICA-JUNIN-LA LIBERTAD-LAMBAYEQUE-LIMA-LORETO-MADRE DE DIOS-MOQUEGUA-PASCO-PIURA-PUNO-SAN MARTIN-TACNA-TUMBES-UCAYALI
Milanesa con ensalada y arroz;5.8;6.2;19.7;POLLO-QUAKER-HUEVO-LECHUGA-ZANAHORIA-LIMON-ARROZ-SAL-PIMIENTA;ALMUERZO;AMAZONAS-ANCASH-APURIMAC-AREQUIPA-AYACUCHO-CAJAMARCA-CALLAO-CUSCO-HUANCAVELICA-HUANUCO-ICA-JUNIN-LA LIBERTAD-LAMBAYEQUE-LIMA-LORETO-MADRE DE DIOS-MOQUEGUA-PASCO-PIURA-PUNO-SAN MARTIN-TACNA-TUMBES-UCAYALI
Milanesa con menestra y arroz;9.3;3.6;20.4;POLLO-QUAKER-HUEVO-MENESTRA-ARROZ-SAL-PIMIENTA;ALMUERZO;AMAZONAS-ANCASH-APURIMAC-AREQUIPA-AYACUCHO-CAJAMARCA-CALLAO-CUSCO-HUANCAVELICA-HUANUCO-ICA-JUNIN-LA LIBERTAD-LAMBAYEQUE-LIMA-LORETO-MADRE DE DIOS-MOQUEGUA-PASCO-PIURA-PUNO-SAN MARTIN-TACNA-TUMBES-UCAYALI
Milanesa con papas fritas y arroz;4.8;6.2;20.2;POLLO-QUAKER-HUEVO-PAPA-ARROZ-SAL-PIMIENTA;ALMUERZO;AMAZONAS-ANCASH-APURIMAC-AREQUIPA-AYACUCHO-CAJAMARCA-CALLAO-CUSCO-HUANCAVELICA-HUANUCO-ICA-JUNIN-LA LIBERTAD-LAMBAYEQUE-LIMA-LORETO-MADRE DE DIOS-MOQUEGUA-PASCO-PIURA-PUNO-SAN MARTIN-TACNA-TUMBES-UCAYALI
Molleja saltada con arroz;7;1.2;14.5;MOLLEJITA-LIMON-HARINA-MANTEQUILLA-CEBOLLA-ALBACA-OREGANO-SAL;ALMUERZO;AMAZONAS-ANCASH-APURIMAC-AREQUIPA-AYACUCHO-CAJAMARCA-CALLAO-CUSCO-HUANCAVELICA-HUANUCO-ICA-JUNIN-LA LIBERTAD-LAMBAYEQUE-LIMA-LORETO-MADRE DE DIOS-MOQUEGUA-PASCO-PIURA-PUNO-SAN MARTIN-TACNA-TUMBES-UCAYALI
Mondonguito a la italiana con arroz;5.3;1.3;26;ARROZ-AJO-PAPA-ALVERJA-ZANAHORIA-VAINITA-AJI AMARILLO-CEBOLLA;ALMUERZO;HUANUCO
Ocopa a la arequipeña;4.8;6.2;16.9;AJI AMARILLO-AJO-CEBOLLA-HUACATAY-MANI-LECHE-QUESO-GALLETA-HUEVO-PAPA-ACEITUNA;MERIENDA_DIA;AREQUIPA
Olluquito con arroz integral;5.1;2.4;21.4;OLLUCO-CEBOLLA-AJO-ARROZ INTEGRAL-AJI PANCA-AJI AMARILLO-PEREJIL;ALMUERZO;PASCO
Olluquito de charqui con arroz;6.2;3.1;26.5;OLLUCO-RES-CEBOLLA-AJO-ARROZ-AJI PANCA-AJI AMARILLO-PEREJIL;ALMUERZO;AMAZONAS
Olluquito de res con arroz;5;0.5;25.4;OLLUCO-RES-CEBOLLA-AJO-ARROZ-AJI PANCA-AJI AMARILLO-PEREJIL;ALMUERZO;AREQUIPA
Pachamanca a la olla con arroz;7.5;1.4;23.8;POLLO-PAPA-CAMOTE-OCA-YUCA-CHOCLO-CERDO-AJI PANCA-AJI AMARILLO-VINAGRE-AJO-ARROZ-HUACATAY-HIERBABUENA;ALMUERZO;LORETO
Pallares con chuleta y arroz;6.2;1.3;20.5;PALLAR-CERDO-ARROZ-AJO;ALMUERZO;TUMBES
Pallares con guiso de pollo y arroz;9.5;2.8;26.5;ARROZ-AJO-PALLAR-TOMATE-AJI PANCA-ALVERJA;ALMUERZO;PUNO
Pallares con pescado y arroz;5.9;3.2;28.2;CEBOLLA-PESCADO-PALLAR-ARROZ-AJO;ALMUERZO;AYACUCHO
Pallares con pollo y arroz;5.8;4.2;18.8;PALLAR-CEBOLLA-ARROZ-AJO-POLLO;ALMUERZO;CALLAO
Palta rellena;3.7;18.7;10.3;PALTA-POLLO-MAYONESA-ACEITUNA-VINAGRE;MERIENDA_DIA;HUANUCO
Pan al ajo;7;9.1;40.7;PAN-AJO-MANTEQUILLA-QUESO-PEREJIL;DESAYUNO-CENA;PIURA
Papa a la huancaína;3.7;4;17.6;PAPA-LECHE-GALLETA-QUESO-AJI AMARILLO-LECHUGA-HUEVO-ACEITUNA;MERIENDA_DIA;TUMBES
Papa con huevo;6.3;7.1;7.7;PAPA-HUEVO;ALMUERZO;LAMBAYEQUE
Papa rellena;5.1;0.7;17.4;RES-HARINA-HUEVO-PAN-CEBOLLA-AJO-AJI PANCA;ALMUERZO;CALLAO
Papa rellena con ensalada;3.3;6;17.6;RES-HARINA-HUEVO-PAN-CEBOLLA-AJO-AJI PANCA-LECHUGA;ALMUERZO;AYACUCHO
Papa rellena con sarsa criolla;3.9;9.6;16;PAPA-HUEVO-RES-ACEITUNA-CEBOLLA-PASA-AJO-PIMIENTO-VINO BLANCO-HARINA;ALMUERZO;APURIMAC
Papas a la rioja;2.5;1.7;8.9;PAPA-CERDO-PIMIENTO-AJO;ALMUERZO;TACNA
Papas fritas;1.4;33.4;14.9;PAPA;CENA;CUSCO
Parihuela;5.6;0.5;5.5;CEBOLLA-AJO-TEOMATE-AJI AMARILLO-AJI PANCA-VINO BLANCO-PESCADO-CALAMAR-LANGOSTINO-CHORO-LIMON;ALMUERZO;CAJAMARCA
Pasta al pesto;5.8;1.8;19.5;TALLARIN-ALBAHACA-QUESO-AJO;ALMUERZO;LA LIBERTAD
Pasta;8.6;3;15.1;TALLARIN;ALMUERZO;LA LIBERTAD
Pastel de papa;6.2;6.1;14.7;PAPA-LECHE-MANTEQUILLA-RES-AJO-CEBOLLA-AJI PANCA-ACEITUNA-HUEVO-PASA;ALMUERZO;SAN MARTIN
Patasca;3.3;1.4;10.5;RES-CEBOLLA-AJO-AJI PANCA-TOMATE-MOTE-HIERBABUENA;ALMUERZO;PUNO
Patita con maní y arroz;4.1;1.7;25.2;RES-PAPA-MANI-CEBOLLA-AJI PANCA-AJI AMARILLO-AJO-HIERBABUENA-ARROZ;ALMUERZO;CUSCO
Pavita a la norteña con arroz;5.7;2.3;26.3;PAVO-CULANTRO-PAPA-ZANAHORIA-TOMATE-ARVEJA-AJO-ARROZ;ALMUERZO;HUANUCO
Pavita al horno con arroz;6.9;4.2;15.9;PAVO-CEBOLLA-ARROZ-AJO;ALMUERZO;APURIMAC
Pavita al vino con arroz;4.4;1.3;32.1;PAVO-CEBOLLA-AJO-AJI PANCA-VINO TINTO-ARROZ;ALMUERZO;CALLAO
Pavita con ensalada y arroz;4.5;15.2;19.9;PAVO-TOMATE-ARROZ-CEBOLLA-AJO;ALMUERZO;AMAZONAS
Pavita con menestra y arroz;6;3.1;21.5;PAVO-LENTEJA-ARROZ-CEBOLLA-AJO;ALMUERZO;LA LIBERTAD
Pavita con puré y arroz;7.2;4.8;19.9;PAPA-LECHE-PAVO-NUEZ-MANTEQUILLA-ARROZ-AJO;ALMUERZO;LIMA
Pechuga a la parrilla y 1 chorizo y 1 anticucho de corazón de pollo y papas fritas;9.2;12.8;11.6;POLLO-CERDO-RES-PAPA;ALMUERZO;SAN MARTIN
Pechuga a la plancha con ensalada y arroz;6.7;3.7;17.8;POLLO-TOMATE-ARROZ-AJO;ALMUERZO;PUNO
Pejerrey arrebosado;6.9;9.3;15.7;PEJERREY-HARINA-PEREJIL-QUESO-HUEVO;ALMUERZO;CAJAMARCA
Pescado a la chorrillana con arroz;5.4;12.3;22.7;PESCADO-LIMON-HARINA-CEBOLLA-AJO-TOMATE-AJI AMARILLO-ARROZ;ALMUERZO;TUMBES
Pescado a lo macho con arroz;6.9;4.6;20.3;PESCADO-CALAMAR-LANGOSTINO-ALMEJA-CEBOLLA-AJO-AJI AMARILLO-PIMIENTO-VINO BLANCO-PEREJIL-ARROZ-AJO;ALMUERZO;PUNO
Pescado con arroz;7.3;5.1;20.4;PESCADO-ARROZ-AJO;ALMUERZO;PIURA
Pescado con ensalada y arroz;7.6;2.6;24.7;PESCADO-ARROZ-LENTEJA-CEBOLLA;ALMUERZO;AYACUCHO
Pescado con menestra y arroz;10.3;4.2;25;PESCADO-LENTEJA-ARROZ-AJO;ALMUERZO;CUSCO
Pescado en salsa de champiñones con arroz;6.7;9;19.8;PESCADO-CERDO-QUESO-CHAMPIÑONES-APIO-CEBOLLA-PIMIENTO-MANTEQUILLA-ARROZ-AJO;ALMUERZO;PASCO
Picante de cuy con arroz;4;11.2;13.9;CUY-ARVEJA-ZANAHORIA-AJI PANCA-PEREJIL-CEBOLLA-PAPA-AJO-ARROZ;ALMUERZO;AYACUCHO
Picante de pollo con arroz;13.1;32.1;9.1;POLLO-ARVEJA-ZANAHORIA-AJI PANCA-PEREJIL-CEBOLLA-PAPA-AJO-ARROZ;ALMUERZO;MOQUEGUA
Picante de res con arroz;4.9;1.6;20.5;RES-ARVEJA-ZANAHORIA-AJI PANCA-PEREJIL-CEBOLLA-PAPA-AJO-ARROZ;ALMUERZO;AMAZONAS
Pizza americana personal;7.7;7.3;27.7;HARINA-LEVADURA-QUESO-CERDO;CENA;APURIMAC
Pollo a la brasa con papas fritas;9.4;10.8;12.7;POLLO-VINAGRE-CERVEZA NEGRA-AJO-PAPA;ALMUERZO;CUSCO
Pollo a la brasa y 1 palito de anticucho con papas fritas;9.7;7.9;10.3;POLLO-VINAGRE-CERVEZA NEGRA-AJO-AJI PANCA-SILLAO-RES-PAPA;ALMUERZO;AYACUCHO
Pollo a la chiclayana con arroz;8.7;1.5;21.1;POLLO-ARROZ-AJO-ARVEJA-ZAPALLO-CEBOLLA-CULANTRO-PIMIENTO;ALMUERZO;LIMA
Pollo a la chiclayana con menestra y arroz;7.5;1;20;POLLO-ARROZ-AJO-ARVEJA-ZAPALLO-CEBOLLA-CULANTRO-PIMIENTO-LENTEJA;ALMUERZO;APURIMAC
Pollo a la huachana con menestra y arroz;7.4;3.2;18.7;ARROZ-LENTEJA-AJO-YUCA-PEREJIL-CULANTRO-ESPINACA-AJI AMARILLO;ALMUERZO;PIURA
Pollo a la leña;3.3;9.8;15.8;POLLO;ALMUERZO;HUANUCO
Pollo a la naranja con arroz;10.1;2.7;15.8;POLLO-NARANJA-LIMON-ARROZ-SOJA-ARROZ-AJO;ALMUERZO;PIURA
Pollo a la norteña con arroz;8.6;1.9;19.8;CEBOLLA-AJO-AJI PANCA-ZANAHORIA-ARVEJA-CULANTRO-POLLO-ARROZ;ALMUERZO;SAN MARTIN
Pollo a la norteña con menestra y arroz;9.6;2.4;15.4;CEBOLLA-AJO-AJI PANCA-ZANAHORIA-ARVEJA-CULANTRO-POLLO-LENTEJA-ARROZ;ALMUERZO;LAMBAYEQUE
Pollo a la olla con arroz;7.3;2.4;23.8;POLLO-AJO-LIMON-CEBOLLA-TOMATE-ARROZ;ALMUERZO;LA LIBERTAD
Pollo a la olla con ensalada y arroz;4.8;2.4;18.9;POLLO-AJO-LIMON-CEBOLLA-TOMATE-ARROZ;ALMUERZO;TUMBES
Pollo a la olla con menestra y arroz;5.8;1.9;27.1;POLLO-AJO-LIMON-CEBOLLA-TOMATE-ARROZ-LENTEJA;ALMUERZO;HUANCAVELICA
Pollo a la olla con puré y arroz;3.7;2;27.9;POLLO-AJO-LIMON-CEBOLLA-TOMATE-PAPA-LECHE-MANTEQUILLA-ARROZ;ALMUERZO;ANCASH
Pollo a la parrilla con arroz y papas fritas;7.4;20.7;14.6;POLLO-ARROZ-AJO-PAPA;ALMUERZO;CAJAMARCA
Pollo a la parrilla con ensalada rusa y arroz;8.1;7.3;16;POLLO-PAPA-VETERRAGA-ARROZ-AJO;ALMUERZO;CUSCO
Pollo a la parrilla con ensalada y arroz;3.3;3.3;29;POLLO-TOMATE-ARROZ-AJO;ALMUERZO;AMAZONAS
Pollo a la parrilla con puré y arroz;5.6;3.8;18.9;POLLO-PAPA-MANTEQUILLA-LECHE-CULANTRO-AJO-ARROZ;ALMUERZO;AREQUIPA
Pollo a la plancha con arroz;4.8;0.9;13.7;POLLO-ARROZ-AJO;ALMUERZO;MADRE DE DIOS
Pollo a la plancha con ensalada y arroz;8.6;1.1;25.5;POLLO-LECHUGA.ARROZ-AJO;ALMUERZO;CUSCO
Pollo a la plancha con menestra y arroz;8.5;1.4;25.4;ARROZ-POLLO-LENTEJA-CEBOLLA-AJO;ALMUERZO;CAJAMARCA
Pollo a la plancha con papas doradas y arroz;3.1;4;26.7;ARROZ-POLLO-PAPA;ALMUERZO;JUNIN
Pollo a la plancha con papas fritas y arroz;8;2.8;17.6;ARROZ-POLLO-PAPA;ALMUERZO;AYACUCHO
Pollo a la plancha con papas fritas. ensalada y arroz;7.3;7.1;18.1;POLLO-PAPA-LECHUGA-ARROZ-AJO;ALMUERZO;CAJAMARCA
Pollo a la plancha con puré y arroz;9;3.6;15.4;POLLO-PAPA-LECHE-MANTEQUILLA-ARROZ-AJO-CEBOLLA;ALMUERZO;MADRE DE DIOS
Pollo al ají con menestra y arroz;5.2;0.9;26.7;POLLO-PAPA-PIMIENTO-ARVEJA-CEBOLLA-AJO-AJI AMARILLO-LENTEJA-ARROZ-AJO;ALMUERZO;APURIMAC
Pollo al horno con arroz;8.2;1.4;23.6;POLLO-VINAGRE-AJO-AJI PANCA-ARROZ-AJO;ALMUERZO;AREQUIPA
Pollo al horno con ensalada rusa y arroz;9.6;3;16.7;POLLO-VINAGRE-AJO-AJI PANCA-ARROZ-AJO-PAPA-VETERRAGA;ALMUERZO;PASCO
Pollo al horno con ensalada y arroz;3.1;2.4;27.7;POLLO-VINAGRE-AJO-AJI PANCA-ARROZ-AJO-LECHUGA;ALMUERZO;ICA
Pollo al horno con menestra y arroz;8.4;2;19.4;POLLO-VINAGRE-AJO-AJI PANCA-ARROZ-AJO-LENTEJA;ALMUERZO;MADRE DE DIOS
Pollo al horno con menestra. ensalada y arroz;5.4;1.8;18.1;POLLO-VINAGRE-AJO-AJI PANCA-ARROZ-AJO-LENTEJA-LECHUGA;ALMUERZO;APURIMAC
Pollo al horno con pure y arroz;7.6;3.6;21.2;POLLO-VINAGRE-AJO-AJI PANCA-ARROZ-AJO-PAPA-LECHE-MANTEQUILLA;ALMUERZO;JUNIN
Pollo al horno con puré. ensalada y arroz;9.4;2.8;15.2;POLLO-VINAGRE-AJO-AJI PANCA-LECHUGA-ARROZ-AJO-PAPA-LECHE-MANTEQUILLA;ALMUERZO;CAJAMARCA
Pollo al huacatay con arroz;10.4;1.3;22.4;POLLO-ZANAHORIA-HUACATAY-AJO-YUCA-ARVEJA-CEBOLLA-ARROZ;ALMUERZO;CALLAO
Pollo al jugo con menestra y arroz;7.7;1.9;21.7;POLLO-ZANAHORIA-TOMATE-APIO-CEBOLLA-PIMIENTO-CULANTRO-LENTEJA-ARROZ-AJO;ALMUERZO;TACNA
Pollo al maní con arroz;6.4;1.7;25.5;POLLO-CEBOLLA-AJO-AJI PANCA-PAPA-ARROZ-MANI;ALMUERZO;CAJAMARCA
Pollo al maní con ensalada y arroz;3.2;7.7;20.9;POLLO-CEBOLLA-AJO-AJI PANCA-PAPA-ARROZ-LECHUGA-MANI;ALMUERZO;TACNA
Pollo al maní con menestra y arroz;9;2;21;POLLO-CEBOLLA-AJO-AJI PANCA-PAPA-ARROZ-LENTEJA-MANI;ALMUERZO;TUMBES
Pollo al sillao con arroz;3.2;1.2;29.4;POLLO-SILLAO-HUEVO-AJONJOLI-FREJOLITO-CEBOLLA CHINA-ARVEJA-ARROZ-AJO;ALMUERZO;TACNA
Pollo al sillao con ensalada y arroz;5.3;1.4;21.1;POLLO-SILLAO-HUEVO-AJONJOLI-FREJOLITO-CEBOLLA CHINA-ARVEJA-ARROZ-AJO-LECHUGA;ALMUERZO;AYACUCHO
Pollo al vino con arroz;3;1.1;34;POLLO-CEBOLLA-AJO-PIMIENTO-VINO TINTO-AJO;ALMUERZO;CUSCO
Pollo al vino con ensalada y arroz;6.2;1.1;24.7;POLLO-CEBOLLA-AJO-PIMIENTO-VINO TINTO-AJO-LECHUGA;ALMUERZO;MOQUEGUA
Pollo al vino con menestra y arroz;9.3;2.7;23;POLLO-CEBOLLA-AJO-PIMIENTO-VINO TINTO-AJO-LENTEJA;ALMUERZO;LORETO
Pollo broaster;5.4;10.2;20.2;POLLO-HARINA-HUEVO;ALMUERZO;JUNIN
Pollo broaster con ensalada rusa y arroz;6.9;10;19.2;HARINA-HUEVO-POLLO-ARROZ-AJO-LECHUGA-PAPA-VETERRAGA;ALMUERZO;APURIMAC
Pollo broaster con papas fritas y arroz;7.9;4;18.6;HARINA-HUEVO-PAPA-POLLO-ARROZ-AJO-LECHUGA;ALMUERZO;SAN MARTIN
Pollo broaster con papas fritas. ensalada y arroz;5.7;10.5;17.6;HARINA-HUEVO-PAPA-POLLO-ARROZ-AJO;ALMUERZO;HUANUCO
Pollo con arroz;4.4;5.3;22.3;POLLO-ARROZ-AJO;ALMUERZO;HUANCAVELICA
Pollo con maní y arroz;6.6;3.7;18.4;ARROZ-POLLO-MANI-AJI-SOJA-AJO-CEBOLLA;ALMUERZO;PIURA
Pollo con verduras y arroz;7.7;6.9;19.3;ARROZ-CEBOLLA-BERENJENA-ZANAHORIA-PIMIENTO-POLLO-CERDO-AJO;ALMUERZO;SAN MARTIN
Pollo con verduras y arroz chaufa;4.6;0.7;29.4;ARROZ-CEBOLLA-BERENJENA-ZANAHORIA-PIMIENTO-POLLO-CERDO-AJO-SILLAO-HUEVO;ALMUERZO;HUANUCO
Pollo dorado con papas fritas y arroz;7.9;5.5;24.3;POLLO-PAPA-ARROZ-AJO;ALMUERZO;TACNA
Pollo enrollado con arroz;6.8;3.6;23.9;POLLO-CERDO-QUESO-HUEVO-MANTEQUILLA-PAN-AJO;ALMUERZO;CUSCO
Pollo frito con arroz;6.6;2.8;24;POLLO-ARROZ-AJO;ALMUERZO;HUANUCO
Pollo frito con ensalada rusa y arroz;5.7;5.5;27.2;POLLO-LECHUGA-PAPA-VETERRAGA-ARROZ;ALMUERZO;AMAZONAS
Pollo frito con ensalada y arroz;6.6;8.4;20.1;POLLO-LECHUGA-ARROZ-AJO;ALMUERZO;TACNA
Pollo frito con menestra y arroz;4.4;6.9;24.4;LENTAJA-CEBOLLA-TOMATE-ARROZ-POLLO-AJO;ALMUERZO;LIMA
Pollo frito con papas fritas y arroz;3.1;6.7;29.9;ARROZ-POLLO-PAPA-AJO;ALMUERZO;PASCO
Pollo frito con papas fritas. ensalada y arroz;5.5;6.6;20.7;ARROZ-POLLO-PAPA-LECHUGA-AJO;ALMUERZO;HUANUCO
Pollo frito con puré y arroz;7.8;5.4;22.2;POLLO-NUEZ-PAPA-LECHE-MANTEQUILLA-ARROZ-AJO;ALMUERZO;PASCO
Pollo saltado con arroz;5.5;9.6;18.4;PAPA-ARROZ-AJO-POLLO-TOMATE-CEBOLLA;ALMUERZO;LIMA
Puré con asado y arroz;5.9;0;22.3;ARROZ-RES-PAPA-MANTEQUILLA-AJI ROJO-AJO-ZANAHORIA-ALVERJA-BROCOLI-MOTE-MAYONESA;ALMUERZO;ICA
Puré con asado y arroz integral;4.9;3.3;26.7;ARROZ INTEGRAL-RES-PAPA-MANTEQUILLA-AJI ROJO-AJO-ZANAHORIA-ALVERJA-BROCOLI-MOTE-MAYONESA;ALMUERZO;APURIMAC
Puré con bisteck y arroz;4.8;2.3;21.4;ARROZ-RES-PAPA-MANTEQUILLA-AJI ROJO-AJO-ZANAHORIA-ALVERJA-BROCOLI-MOTE-MAYONESA;ALMUERZO;LORETO
Puré con churrasco y arroz;5.7;6.9;20.4;ARROZ-RES-PAPA-MANTEQUILLA-AJI ROJO-AJO-ZANAHORIA-ALVERJA-BROCOLI-MOTE-MAYONESA;ALMUERZO;LORETO
Puré con pollo al sillao y arroz;5.4;1.9;28.4;POLLO-AJI PANCA-SILLAO-MOSTAZA-AJO-VINAGRE-ARROZ;ALMUERZO;APURIMAC
Puré con pollo y arroz;6.1;7.8;23.3;ARROZ-POLLO-PAPA-MANTEQUILLA-AJI ROJO-AJO-ZANAHORIA-ALVERJA-BROCOLI-MOTE-MAYONESA-ARROZ;ALMUERZO;CAJAMARCA
Puré con pollo. ensalada y arroz;8.1;2.6;19;ARROZ-POLLO-PAPA-MANTEQUILLA-AJI ROJO-AJO-ZANAHORIA-ALVERJA-BROCOLI-MOTE-MAYONESA-LECHUGA-ARROZ;ALMUERZO;HUANUCO
Quinua guisada con pollo y arroz;7;2.4;20.9;POLLO-QUINUA-QUESO-PAPA-CEBOLLA-AJO-AJI PANCA-CILANTRO;ALMUERZO;LAMBAYEQUE
Ravioles con carne;9.8;9.4;16.4;TALLARIN-RES-PIMENTON-CEBOLLA-VINO BLANCO-QUESO;ALMUERZO;HUANUCO
Rocoto relleno;6.6;7.5;11.2;PAPA-RES-ZANAHORIA-ALVERJA-AJI PANCA-PASA-HUEVO-CEBOLLA-AJO;ALMUERZO;MADRE DE DIOS
Rocoto relleno con arroz;5.2;2.9;25.3;ARROZ-PAPA-RES-ZANAHORIA-ALVERJA-AJI PANCA-PASA-HUEVO-CEBOLLA-AJO;ALMUERZO;PASCO
Salpicón de atún;7.9;11;32.4;MAYONESA-ZANAHORIA-PESCADO-CEBOLLA-CHOCLO-LIMON-PAPA-LECHUGA-TOMATE;MERIENDA_DIA;SAN MARTIN
Salpicón de pollo;4.6;5.5;13.9;POLLO-ZANAHORIA-ALVERJA-VAINITA-CHOCLO-LIMON-LECHUGA;MERIENDA_DIA;AMAZONAS
Salpicón de verduras;3.3;10.9;18;LECHUGA-COLIFLOR-TOMATE-CHOCLO-PIMIENTO-PAPA-LIMON-HUEVO-PESCADO;MERIENDA_DIA;MOQUEGUA
Saltado de brócoli con arroz;4.1;6.8;20.1;BROCOLI-ZANAHORIA-CEBOLLA-PIMIENTO-AJO;ALMUERZO;HUANCAVELICA
Saltado de pollo con arroz;5.6;2.8;21.4;ARROZ-AJO-POLLO-TOMATE-CEBOLLA-AJI-VINAGRE-CEBOLLA;ALMUERZO;JUNIN
Saltado de pollo con papas fritas y arroz;3.7;10.3;26.5;PAPA-ARROZ-AJO-POLLO-TOMATE-CEBOLLA-AJI-VINAGRE-CEBOLLA;ALMUERZO;APURIMAC
Sancochado con pollo;5;0.7;7.8;POLLO-APIO-PORO-NABO-ZAPALLO-COL-HABAS-CHOCLO-ZANAHORIA-PAPA-YUCA-ARROZ;ALMUERZO;APURIMAC
Sancochado con res;1.7;0.2;6.8;RES-APIO-PORO-NABO-ZAPALLO-COL-HABAS-CHOCLO-ZANAHORIA-PAPA-YUCA-ARROZ;ALMUERZO;MOQUEGUA
Seco a la huachana con menestra y arroz;7.9;1.6;26.3;ARROZ-YUCA-AJI-AJO-ZANAHORIA-RES-CEBOLLA-PEPINILLO-LIMON;ALMUERZO;CALLAO
Seco a la norteña con arroz;5.3;1.1;24.2;RES-CEBOLLA-TOMATE-AJI-AJO-CILANTRO-YUCA;ALMUERZO;LA LIBERTAD
Seco a la norteña con menestra y arroz;8.5;0.9;22.7;RES-CEBOLLA-TOMATE-AJI-AJO-CILANTRO-FREJOL-YUCA;ALMUERZO;SAN MARTIN
Seco a la norteña con menestra. ensalada y arroz;4.3;1.1;19.5;RES-CEBOLLA-TOMATE-AJI-AJO-CILANTRO-FREJOL-YUCA-LECHUGA;ALMUERZO;HUANCAVELICA
Seco a la norteña de pollo con menestra y arroz;8.8;2.5;16.6;RES-CEBOLLA-TOMATE-AJI-AJO-CILANTRO-FREJOL-YUCA-ARROZ;ALMUERZO;AREQUIPA
Seco a la norteña de res con menestra y arroz;5.9;1.4;22.2;RES-CEBOLLA-TOMATE-AJI-AJO-CILANTRO-FREJOL-YUCA-ARROZ;ALMUERZO;HUANUCO
Seco con menestra y arroz;6.2;0.7;25.2;CEBOLLA-TOMATE-AJI-AJO-CILANTRO-FREJOL-YUCA-ARROZ;ALMUERZO;LORETO
Seco de cabrito a la norteña con menestra y arroz;8.7;1.8;24.4;RES-CEBOLLA-TOMATE-AJI-AJO-CILANTRO-FREJOL-YUCA-ARROZ;ALMUERZO;PUNO
Seco de cabrito con arroz;6.4;1.7;20.4;RES-CEBOLLA-TOMATE-AJI-AJO-CILANTRO-YUCA-ARROZ;ALMUERZO;LIMA
Seco de cabrito con menestra y arroz;8.1;1.3;16;RES-CEBOLLA-TOMATE-AJI-AJO-CILANTRO-FREJOL-YUCA-ARROZ;ALMUERZO;LIMA
Seco de cabrito con menestra. sarsa criolla y arroz;7.5;1.7;24.9;RES-CEBOLLA-FREJOL-AJO-AJI-CILANTRO-ARVEJA-ZANAHORIA-PAPA-ARROZ;ALMUERZO;SAN MARTIN
Seco de cordero con arroz;7.2;5.4;23.2;RES-CEBOLLA-AJO-AJI-CILANTRO-ARVEJA-ZANAHORIA-PAPA-ARROZ;ALMUERZO;SAN MARTIN
Seco de cordero con menestra y arroz;3.9;1.5;16.4;RES-CEBOLLA-FREJOL-AJO-AJI-CILANTRO-ARVEJA-ZANAHORIA-PAPA-ARROZ;ALMUERZO;AMAZONAS
Seco de pato con arroz;9;11.7;18.5;PATO-VINAGRE-AJI-AJO-CEBOLLA-TOMATE-CILANTRO-PAPA-ARROZ-FREJOL;ALMUERZO;MADRE DE DIOS
Seco de pollo con arroz;6.4;1.8;19.7;POLLO-AJO-CEBOLLA-ZANAHORIA-ARVEJAS-CILANTRO-PAPA;ALMUERZO;HUANUCO
Seco de pollo con menestra y arroz;8.2;2.1;20.6;POLLO-AJO-CEBOLLA-ZANAHORIA-ARVEJAS-CILANTRO-PAPA-ARROZ-FREJOL;ALMUERZO;HUANUCO
Seco de pollo con sarsa criolla y arroz;7.6;1.6;22.1;POLLO-CEBOLLA-AJO-NARANJA-TOMATE-PIMIENTO-CILANTRO-AJI;ALMUERZO;CAJAMARCA
Seco de res a la huachana. menestra y arroz;7.3;2;18.9;RES-CEBOLLA-AJO-AJI-CILANTRO-ARVEJA-ZANAHORIA-PAPA-ARROZ;ALMUERZO;JUNIN
Seco de res a la norteña. menestra y arroz;7.7;1.1;25.4;RES-CEBOLLA-AJO-AJI-CILANTRO-ARVEJA-ZANAHORIA-PAPA-ARROZ;ALMUERZO;ICA
Seco de res con arroz;7.1;1;17.8;CEBOLLA-TOMATE-ZANAHORIA-AJO-ESPINACA-CERDO-ARROZ;ALMUERZO;HUANCAVELICA
Seco de res con menestra y arroz;7.5;2.2;25.1;FREJOL-CEBOLLA-TOMATE-ZANAHORIA-AJO-ESPINACA-CERDO-ARROZ;ALMUERZO;SAN MARTIN
Seco de res con menestra. ensalada y arroz;6.4;1.1;18.1;FREJOL-CEBOLLA-TOMATE-ZANAHORIA-AJO-ESPINACA-CERDO-ARROZ-LECHUGA;ALMUERZO;HUANCAVELICA
Seco de ternera con menestra y arroz;7.7;1.7;19.6;FREJOL-CEBOLLA-TOMATE-ZANAHORIA-AJO-ESPINACA-CERDO-ARROZ;ALMUERZO;MOQUEGUA
Seco huachano con menestra y arroz;5.7;1.2;20;YUCA-ARROZ-AJO-AJI-RES-CEBOLLA-LIMON-PEPINILLO;ALMUERZO;TACNA
Spaguetti con crema;13.9;4.3;21.1;TALLARIN-CEBOLLA-AJO-MANTEQUILLA-QUESO-LECHE;ALMUERZO;LAMBAYEQUE
Steak al tequila;5.6;0.5;20;TEQUILA-TOMATE-CEBOLLA-AJO-RES;ALMUERZO;TACNA
Sudado de pescado con arroz;5.2;1.3;29;PESCADO-PAPA-CEBOLLA-TOMATE-ARROZ-AJO-AJI AMARILLO;ALMUERZO;LA LIBERTAD
Suprema de pescado con arroz y ensalada;8;1.7;28.3;ARROZ-PESCADO-LECHUGA-LIMON;ALMUERZO;LORETO
Suprema de pollo con arroz;8.1;2.6;30.8;ARROZ-POLLO;ALMUERZO;LAMBAYEQUE
Tacacho con cecina;5.4;10.2;27.9;PLATANO-MANTECA-CERDO;ALMUERZO;ICA
Tacu tacu con churrasco;7.1;3.8;24.3;AJI AMARILLO-CEBOLLA-AJO-CERDO-TOMATE-SILLAO-VINAGRE;ALMUERZO;TACNA
Tacu tacu con filete de pollo;5.7;2.3;16.8;AJI AMARILLO-CEBOLLA-AJO-POLLO-TOMATE-SILLAO-VINAGRE;ALMUERZO;LIMA
Tacu tacu con lomito;7.7;2.9;18.5;AJI AMARILLO-CEBOLLA-AJO-RES-TOMATE-SILLAO-VINAGRE;ALMUERZO;SAN MARTIN
Tacu tacu con lomo y arroz;6.1;2.5;25.8;ARROZ-AJI AMARILLO-CEBOLLA-AJO-RES-TOMATE-SILLAO-VINAGRE;ALMUERZO;LIMA
Tacu tacu con pescado;10.1;4.5;20.3;ARROZ-FREJOL-CEBOLLA-PIMIENTO-AJO-AJI AMARILLO-LECHE.TOMATE-PESCADO;ALMUERZO;SAN MARTIN
Tallarines al pesto con bisteck;6.1;4.8;18.9;TALLARIN-ALBAHACA-ALMENDRAS-AJO-QUESO-RES;ALMUERZO;TUMBES
Tallarines al pesto con res;16.3;8.3;21.8;TALLARIN-ALBAHACA-ALMENDRAS-AJO-QUESO-RES;ALMUERZO;PASCO
Tallarines con pollo;10.5;1.9;26.2;POLLO-TALLARIN;ALMUERZO;CAJAMARCA
Tallarines con pollo y crema a la huancaína;10.8;3.2;20.9;POLLO-TALLARIN-GALLETA-LECHE;ALMUERZO;SAN MARTIN
Tallarines rojos con pollo;10.2;2.1;22.7;POLLO-TALLARIN-TOMATE-CEBOLLA-AJO-ZANAHORIA;ALMUERZO;CALLAO
Tallarines saltado;8.5;1.6;37.3;TALLARIN-TOMATE-CEBOLLA-AJI AMARILLO-CEBOLLA CHINA;ALMUERZO;AYACUCHO
Tallarines saltados con pollo;7.8;4.9;28.1;POLLO-TALLARIN-TOMATE-CEBOLLA-AJI AMARILLO-CEBOLLA CHINA;ALMUERZO;LAMBAYEQUE
Tallarines verdes con chuleta;8.6;11.2;29.2;ESPINACA-ALBAHACA-LECHE-AJO-CEBOLLA-QUESO-TALLARIN-CERDO;ALMUERZO;HUANUCO
Tallarines verdes con churrasco;8.9;8.2;23.8;ESPINACA-ALBAHACA-LECHE-AJO-CEBOLLA-QUESO-TALLARIN-CERDO;ALMUERZO;AMAZONAS
Tallarines verdes con churrasco y crema a la huancaína;7.4;4;31.2;ESPINACA-ALBAHACA-LECHE-AJO-CEBOLLA-QUESO-TALLARIN-CERDO-AJI AMARILLO-GALLETA;ALMUERZO;HUANUCO
Tallarines verdes con hígado;4.2;2.1;13.2;ESPINACA-ALBAHACA-LECHE-AJO-CEBOLLA-QUESO-TALLARIN-HIGADO;ALMUERZO;PUNO
Tallarines verdes con pollo;8.3;10.8;13.7;ESPINACA-ALBAHACA-LECHE-AJO-CEBOLLA-QUESO-TALLARIN-POLLO;ALMUERZO;HUANCAVELICA
Tallarines verdes con pollo y crema a la huancaína;9;1.9;40;ESPINACA-ALBAHACA-LECHE-AJO-CEBOLLA-QUESO-TALLARIN-POLLO-AJI AMARILLO-GALLETA;ALMUERZO;PUNO
Tallarines verdes con res;11.7;5.2;34.1;ESPINACA-ALBAHACA-LECHE-AJO-CEBOLLA-QUESO-TALLARIN-RES;ALMUERZO;LAMBAYEQUE
Tamal de pollo;6.8;14.6;7.7;CEBOLLA-AJO-HARINA-ACEITUNA-HUEVO;DESAYUNO-CENA;MOQUEGUA
Tamal verde;3.7;6.9;22.6;POLLO-MAIZ-TOMATE-AJO-CEBOLLA-HARINA;DESAYUNO-CENA;LIMA
Tequeños;8.4;45.2;29.4;HARINA-MANTEQUILLA-HUEVO;CENA;CUSCO
Tequeños con crema a la huancaína;10.8;20.5;41.6;HARINA-MANTEQUILLA-HUEVO-QUESO-HUANCAINA-CEBOLLA-AJO-LECHE;CENA;SAN MARTIN
Tequeños con guacamole;7.7;21.5;32.6;HARINA-MANTEQUILLA-HUEVO-QUESO-CEBOLLA-PALTA-AJO-LIMON;CENA;LAMBAYEQUE
Tequeños de queso;6.7;22;35.1;HARINA-MANTEQUILLA-HUEVO-QUESO;CENA;MOQUEGUA
Ternera a la chiclayana con arroz;3.9;0.7;18.5;CARNE-ARVEJAS-CEBOLLA-AJO-ARROZ;ALMUERZO;TUMBES
Tiradito de pejerrey;6.9;1;14.8;PEJERREY-AJI AMARILLO-CHOCLO-LIMON;ALMUERZO;LAMBAYEQUE
Trigo con adobo de pollo y arroz;5.5;4.5;18.5;TRIGO-POLLO-ARROZ-CEBOLLA-AJO;ALMUERZO;PIURA
Trigo con pollo y arroz;8.1;2.1;18.3;TRIGO-POLLO-ARROZ-CEBOLLA;ALMUERZO;HUANCAVELICA
Trigo guisado con pollo y arroz;7.9;3.3;13.5;POLLO-CEBOLLA-AJO-TRIGO-ZANAHORIA-ZAPALLO;ALMUERZO;JUNIN
Trucha con arroz;4.2;18.8;28.8;ARROZ-TRUCHA;ALMUERZO;PASCO
Trucha con menestra y arroz;5.2;4.7;20.2;ARROZ-TRUCHA;ALMUERZO;LA LIBERTAD
Virado paulista;3.5;2.6;11.8;FRIJOLES-AJO-CEBOLLA-TOCINO-PEPERONI-HARINA;ALMUERZO;MOQUEGUA
Wantán frito;6.6;5.2;42.3;HARINA-HUEVO-WANTAN;CENA;LORETO
Yucas rellenas;4;8.2;16.9;YUCA-HUEVO-CEBOLLA-ZANAHORIA-TOMATE-AJO;CENA;LA LIBERTAD
Manzana;0.3;0.25;14;MANZANA;MERIENDA_TARDE-MERIENDA_DIA;AMAZONAS-ANCASH-APURIMAC-AREQUIPA-AYACUCHO-CAJAMARCA-CALLAO-CUSCO-HUANCAVELICA-HUANUCO-ICA-JUNIN-LA LIBERTAD-LAMBAYEQUE-LIMA-LORETO-MADRE DE DIOS-MOQUEGUA-PASCO-PIURA-PUNO-SAN MARTIN-TACNA-TUMBES-UCAYALI
Piña;0.5;0.15;13;PIÑA;MERIENDA_TARDE-MERIENDA_DIA;AMAZONAS-ANCASH-APURIMAC-CAJAMARCA-CALLAO-HUANCAVELICA-HUANUCO-JUNIN-LA LIBERTAD-LAMBAYEQUE-LIMA-LORETO-MADRE DE DIOS-MOQUEGUA-PIURA-SAN MARTIN-TACNA-TUMBES-UCAYALI
Naranja;0.9;0.3;12;NARANJA;MERIENDA_TARDE-MERIENDA_DIA;AMAZONAS-ANCASH-APURIMAC-CAJAMARCA-CALLAO-HUANCAVELICA-HUANUCO-JUNIN-LA LIBERTAD-LAMBAYEQUE-LIMA-LORETO-MADRE DE DIOS-MOQUEGUA-PIURA-SAN MARTIN-TACNA-TUMBES-UCAYALI
Papaya;0.5;0.25;7.5;PAPAYA;MERIENDA_TARDE-MERIENDA_DIA;AMAZONAS-ANCASH-APURIMAC-CAJAMARCA-CALLAO-HUANCAVELICA-HUANUCO-JUNIN-LA LIBERTAD-LAMBAYEQUE-LIMA-LORETO-MADRE DE DIOS-MOQUEGUA-PIURA-SAN MARTIN-TACNA-TUMBES-UCAYALI
Mandarina;0.8;0.3;15;MANDARINA;MERIENDA_TARDE-MERIENDA_DIA;AMAZONAS-ANCASH-APURIMAC-CAJAMARCA-CALLAO-HUANCAVELICA-HUANUCO-JUNIN-LA LIBERTAD-LAMBAYEQUE-LIMA-LORETO-MADRE DE DIOS-MOQUEGUA-PIURA-SAN MARTIN-TACNA-TUMBES-UCAYALI
Tuna;1.1;0.5;15;TUNA;MERIENDA_TARDE-MERIENDA_DIA;ANCASH-APURIMAC-AREQUIPA-AYACUCHO-CALLAO-CUSCO-HUANCAVELICA-HUANUCO-LIMA-PASCO-PUNO-SAN MARTIN
Platano;1.1;0.1;15;PLATANO;MERIENDA_TARDE-MERIENDA_DIA;AMAZONAS-ANCASH-APURIMAC-AYACUCHO-CAJAMARCA-CALLAO-CUSCO-HUANCAVELICA-HUANUCO-JUNIN-LA LIBERTAD-LAMBAYEQUE-LIMA-LORETO-MADRE DE DIOS-MOQUEGUA-PIURA-SAN MARTIN-TACNA-TUMBES-UCAYALI
Sauco;0.66;0.6;18;SAUCO;MERIENDA_TARDE-MERIENDA_DIA;ANCASH-APURIMAC-AYACUCHO-CUSCO-HUANCAVELICA-HUANUCO-JUNIN-LIMA-LORETO-SAN MARTIN-UCAYALI
Carambola;1;0.3;7;CARAMBOLA;MERIENDA_TARDE-MERIENDA_DIA;AMAZONAS-APURIMAC-CAJAMARCA-CALLAO-LAMBAYEQUE-LIMA-LORETO-MADRE DE DIOS-MOQUEGUA-PIURA-SAN MARTIN-UCAYALI
